"","PopDensity","x","y"
"134",17981.4448785772,709200,-704000
"135",16890.9731419303,710120,-704000
"195",14061.75117115,699080,-703080
"196",15612.4389876671,7e+05,-703080
"204",18634.2039393179,707360,-703080
"205",18295.3678607705,708280,-703080
"206",17342.9792291824,709200,-703080
"207",15315.3356248454,710120,-703080
"208",10228.825871476,711040,-703080
"267",14644.9027769872,699080,-702160
"268",15810.7701435462,7e+05,-702160
"269",15902.7046128362,700920,-702160
"270",10889.9987294017,701840,-702160
"271",17051.1681828228,702760,-702160
"274",18783.6207520059,705520,-702160
"275",18131.2600501105,706440,-702160
"276",18487.646434473,707360,-702160
"277",17972.5315651554,708280,-702160
"278",16749.6878272513,709200,-702160
"279",15624.6145134418,710120,-702160
"280",12852.9422077197,711040,-702160
"340",15781.8873811897,7e+05,-701240
"341",16822.4261992163,700920,-701240
"342",16668.0514664,701840,-701240
"343",18753.9782917392,702760,-701240
"344",19616.9794100754,703680,-701240
"346",18926.7943249311,705520,-701240
"347",18258.007983739,706440,-701240
"348",18529.8193753993,707360,-701240
"349",17394.9157826061,708280,-701240
"350",16628.394263786,709200,-701240
"351",15204.587360593,710120,-701240
"352",13034.3308121232,711040,-701240
"353",14501.3018405936,711960,-701240
"412",15760.2668754547,7e+05,-700320
"413",17464.0992534404,700920,-700320
"414",18899.3797408736,701840,-700320
"415",21499.6552944751,702760,-700320
"416",20998.5192212082,703680,-700320
"417",19206.1990012544,704600,-700320
"418",19632.7950696804,705520,-700320
"419",19612.3801175475,706440,-700320
"420",19397.4317422556,707360,-700320
"421",18012.6843889806,708280,-700320
"422",13194.4822072787,709200,-700320
"423",13488.5880813947,710120,-700320
"424",6351.09309075334,711040,-700320
"425",13059.160338496,711960,-700320
"484",18053.743170625,7e+05,-699400
"485",16897.7619227477,700920,-699400
"486",18717.0892404728,701840,-699400
"487",24578.7165632773,702760,-699400
"488",22448.3739460259,703680,-699400
"489",17621.2250744904,704600,-699400
"490",21259.2032294628,705520,-699400
"491",20404.7841629403,706440,-699400
"492",20309.6261608702,707360,-699400
"493",18749.8851315361,708280,-699400
"494",15578.6498582892,709200,-699400
"495",14692.3276854615,710120,-699400
"496",13847.4469067278,711040,-699400
"497",14500.7352891502,711960,-699400
"553",18105.7976916047,697240,-698480
"557",18643.0211141604,700920,-698480
"558",20042.0376874019,701840,-698480
"559",21562.8979585486,702760,-698480
"560",20282.5849108948,703680,-698480
"561",19355.7107170184,704600,-698480
"562",20336.1590075129,705520,-698480
"563",21466.1267002656,706440,-698480
"564",20465.4179664716,707360,-698480
"565",18642.5964266166,708280,-698480
"566",15378.2403562872,709200,-698480
"567",13382.9931505066,710120,-698480
"568",12962.6582234103,711040,-698480
"569",10461.0969258069,711960,-698480
"624",16425.2404145783,696320,-697560
"625",16226.6338648403,697240,-697560
"626",16527.7916777534,698160,-697560
"627",15580.8916959332,699080,-697560
"628",17676.2237832862,7e+05,-697560
"629",17863.2957379465,700920,-697560
"630",19601.8603914746,701840,-697560
"631",22818.6659083968,702760,-697560
"632",18771.2577969885,703680,-697560
"633",15190.2061211409,704600,-697560
"634",19311.4698270722,705520,-697560
"635",20247.1246594639,706440,-697560
"636",21553.9986293457,707360,-697560
"637",19018.4921390922,708280,-697560
"638",8828.52760904531,709200,-697560
"639",13444.5801910003,710120,-697560
"640",14588.6995878179,711040,-697560
"641",14321.5937191605,711960,-697560
"696",14513.7586558796,696320,-696640
"697",14314.0350135662,697240,-696640
"698",16647.9313957776,698160,-696640
"699",16497.6259991705,699080,-696640
"700",16499.6253323383,7e+05,-696640
"701",14709.723842721,700920,-696640
"702",13877.8849158139,701840,-696640
"703",18895.5377858618,702760,-696640
"704",18826.6513052619,703680,-696640
"705",19192.049254798,704600,-696640
"706",18712.0879923157,705520,-696640
"707",20517.1850847972,706440,-696640
"708",19057.9332698345,707360,-696640
"709",18308.312302855,708280,-696640
"710",17539.8093124452,709200,-696640
"711",18478.5001812682,710120,-696640
"712",18992.5091864524,711040,-696640
"713",18641.8920020773,711960,-696640
"768",17515.8679800856,696320,-695720
"769",17094.8894729633,697240,-695720
"770",15462.8353878209,698160,-695720
"771",12413.6144649756,699080,-695720
"772",14312.4437634298,7e+05,-695720
"773",13078.4515380197,700920,-695720
"774",17531.3219524479,701840,-695720
"775",18364.099676269,702760,-695720
"776",13063.1564939384,703680,-695720
"777",20635.4864814604,704600,-695720
"778",21980.6482832386,705520,-695720
"779",26931.5797260051,706440,-695720
"780",20783.8052194861,707360,-695720
"781",16063.2786830948,708280,-695720
"782",18685.3252110821,709200,-695720
"783",20318.474250438,710120,-695720
"784",20558.3034403298,711040,-695720
"839",18495.9677173064,695400,-694800
"840",16881.3972467746,696320,-694800
"841",16715.9736034336,697240,-694800
"842",17220.4198873284,698160,-694800
"843",16882.5264611331,699080,-694800
"844",17181.9307293765,7e+05,-694800
"845",17686.8167579778,700920,-694800
"846",18954.4555434959,701840,-694800
"847",19206.3375860913,702760,-694800
"848",20186.5556165861,703680,-694800
"849",23898.6271021047,704600,-694800
"850",22898.5707957675,705520,-694800
"851",23719.2972315312,706440,-694800
"852",23438.7305074331,707360,-694800
"853",21588.3654428053,708280,-694800
"854",20527.7823500342,709200,-694800
"855",20607.6525188233,710120,-694800
"856",20937.0647050895,711040,-694800
"910",18355.3545431458,694480,-693880
"911",17214.0606682923,695400,-693880
"912",15160.6379280074,696320,-693880
"913",15102.4189124915,697240,-693880
"914",17075.6450423402,698160,-693880
"915",17365.4824821755,699080,-693880
"916",16284.0126347874,7e+05,-693880
"917",18580.8499110827,700920,-693880
"918",19488.9131450054,701840,-693880
"919",17920.8114688263,702760,-693880
"920",20832.0142693904,703680,-693880
"921",23184.8018201533,704600,-693880
"922",23413.9663320027,705520,-693880
"923",24856.1618830729,706440,-693880
"924",26101.4667453098,707360,-693880
"925",23376.8296204757,708280,-693880
"926",19413.8113588009,709200,-693880
"927",19568.5954603037,710120,-693880
"928",21184.7542431497,711040,-693880
"982",18347.1221388942,694480,-692960
"983",17240.1065238993,695400,-692960
"984",18995.1607452322,696320,-692960
"985",19448.864515579,697240,-692960
"986",19224.6637756746,698160,-692960
"987",19108.4663495767,699080,-692960
"988",19012.1245128463,7e+05,-692960
"989",14568.7824206364,700920,-692960
"990",18846.3833688314,701840,-692960
"991",21102.1873348318,702760,-692960
"992",22112.5274441848,703680,-692960
"993",22708.1515082675,704600,-692960
"994",23781.2131363182,705520,-692960
"995",26070.3179684784,706440,-692960
"996",24682.546221049,707360,-692960
"997",22549.2736013561,708280,-692960
"998",7667.12059351187,709200,-692960
"999",16193.5357217677,710120,-692960
"1054",17058.4923094101,694480,-692040
"1055",19841.3539035713,695400,-692040
"1056",20569.8795016176,696320,-692040
"1057",21084.9609284373,697240,-692040
"1058",31903.1699996307,698160,-692040
"1059",17148.8716445562,699080,-692040
"1060",18579.1625330681,7e+05,-692040
"1061",18663.5376972116,700920,-692040
"1062",21303.900861061,701840,-692040
"1063",20796.2722849898,702760,-692040
"1064",22170.9313968635,703680,-692040
"1065",22407.4095439005,704600,-692040
"1066",21591.5948633899,705520,-692040
"1067",25313.9042540667,706440,-692040
"1068",25205.1614079197,707360,-692040
"1069",24384.8793082496,708280,-692040
"1070",21063.0871087074,709200,-692040
"1071",21103.2506697357,710120,-692040
"1072",22102.5704686651,711040,-692040
"1073",22635.0639880548,711960,-692040
"1125",21407.3927212223,693560,-691120
"1126",20823.6791814035,694480,-691120
"1127",21736.2606189962,695400,-691120
"1128",23233.2535796428,696320,-691120
"1129",21714.4628254357,697240,-691120
"1130",18167.1611985913,698160,-691120
"1131",12602.270251162,699080,-691120
"1132",16140.6990298753,7e+05,-691120
"1133",29705.0697505678,700920,-691120
"1134",26105.1930824598,701840,-691120
"1135",27916.4240806598,702760,-691120
"1136",21061.6630903153,703680,-691120
"1137",23658.4009647714,704600,-691120
"1138",25991.2751415639,705520,-691120
"1139",24114.8286564713,706440,-691120
"1140",26387.0665118793,707360,-691120
"1141",25877.0228194167,708280,-691120
"1142",24542.1226241142,709200,-691120
"1143",23073.2097666975,710120,-691120
"1144",21173.9996258239,711040,-691120
"1145",22671.2301467327,711960,-691120
"1146",22150.3936570381,712880,-691120
"1147",20347.9977901569,713800,-691120
"1148",22121.0650331537,714720,-691120
"1197",22107.9843844634,693560,-690200
"1198",23041.779476927,694480,-690200
"1199",24376.2365267942,695400,-690200
"1200",24484.4856848807,696320,-690200
"1201",21431.4280395137,697240,-690200
"1202",15759.5850902898,698160,-690200
"1203",13597.6545951522,699080,-690200
"1204",15235.570324148,7e+05,-690200
"1205",18247.2171285697,700920,-690200
"1206",22356.5492819653,701840,-690200
"1207",24373.6963033008,702760,-690200
"1208",23077.6934988016,703680,-690200
"1209",22994.289092608,704600,-690200
"1210",25610.3398415111,705520,-690200
"1211",33943.4044435954,706440,-690200
"1212",30709.2337782771,707360,-690200
"1213",27856.4155694507,708280,-690200
"1214",25768.8599951705,709200,-690200
"1215",23010.7093077753,710120,-690200
"1216",22527.7998994595,711040,-690200
"1217",21791.8079978215,711960,-690200
"1218",21824.0362499061,712880,-690200
"1219",17151.3711952622,713800,-690200
"1220",22269.8631121452,714720,-690200
"1269",22284.0898533601,693560,-689280
"1270",24042.38780972,694480,-689280
"1271",25469.6652999328,695400,-689280
"1272",22984.1953762783,696320,-689280
"1273",20096.8886318357,697240,-689280
"1274",14685.5971128099,698160,-689280
"1275",13913.5703469492,699080,-689280
"1276",10915.8464064655,7e+05,-689280
"1277",15450.8088606734,700920,-689280
"1278",16967.4395122557,701840,-689280
"1279",15753.5551074341,702760,-689280
"1280",21870.1475542536,703680,-689280
"1281",20251.5619160005,704600,-689280
"1282",23925.7603220732,705520,-689280
"1283",44527.1645501717,706440,-689280
"1284",32227.8706532429,707360,-689280
"1285",28328.4216585085,708280,-689280
"1286",26249.8524273434,709200,-689280
"1287",19864.8320653784,710120,-689280
"1288",22189.0020342922,711040,-689280
"1289",18112.9418768794,711960,-689280
"1290",23043.6466793857,712880,-689280
"1291",25114.064389374,713800,-689280
"1292",24440.9153770099,714720,-689280
"1340",17893.0267079106,692640,-688360
"1341",21551.6593567185,693560,-688360
"1342",22564.5880252925,694480,-688360
"1343",24044.4418281121,695400,-688360
"1344",24537.7365792823,696320,-688360
"1345",20787.9908476679,697240,-688360
"1346",19192.9634961132,698160,-688360
"1347",16752.1033177618,699080,-688360
"1348",11787.6855348428,7e+05,-688360
"1349",10772.9824265198,700920,-688360
"1350",16880.2189745974,701840,-688360
"1351",20788.6829946431,702760,-688360
"1352",27476.813031397,703680,-688360
"1353",34379.2419189873,704600,-688360
"1354",33916.6445752334,705520,-688360
"1355",30011.9801410855,706440,-688360
"1356",31842.0873713013,707360,-688360
"1357",31446.3710976361,708280,-688360
"1358",26182.2423991891,709200,-688360
"1359",26030.8620979479,710120,-688360
"1360",25945.2494527316,711040,-688360
"1361",24594.1145286051,711960,-688360
"1362",24964.4487705429,712880,-688360
"1363",32570.664167587,713800,-688360
"1364",24434.1543832368,714720,-688360
"1410",19340.1821588458,690800,-687440
"1411",16566.8744107856,691720,-687440
"1412",14786.6391420477,692640,-687440
"1413",19796.1836028767,693560,-687440
"1414",21035.8134641615,694480,-687440
"1415",23146.2358574881,695400,-687440
"1416",24934.2150073921,696320,-687440
"1417",21245.1036694847,697240,-687440
"1418",19306.7158762484,698160,-687440
"1419",8398.0304964914,699080,-687440
"1420",17099.2171598545,7e+05,-687440
"1421",17845.4234721306,700920,-687440
"1422",16800.6593500089,701840,-687440
"1423",22250.7835034091,702760,-687440
"1424",34484.324527615,703680,-687440
"1425",36801.6728846421,704600,-687440
"1426",33875.5704385206,705520,-687440
"1427",32313.5744119164,706440,-687440
"1428",34805.0508530481,707360,-687440
"1429",36382.2951263143,708280,-687440
"1430",29389.7198073107,709200,-687440
"1431",27306.5101619299,710120,-687440
"1432",27594.4160018326,711040,-687440
"1433",25269.9411926113,711960,-687440
"1434",25119.2968309085,712880,-687440
"1435",26587.5501602096,713800,-687440
"1436",25707.1041642203,714720,-687440
"1437",23597.7999703911,715640,-687440
"1438",22711.688624321,716560,-687440
"1482",18959.3741099042,690800,-686520
"1483",14894.5852302834,691720,-686520
"1484",18022.0089407137,692640,-686520
"1485",18063.3818144126,693560,-686520
"1486",14554.402682529,694480,-686520
"1487",20889.5329105208,695400,-686520
"1488",26021.3645765344,696320,-686520
"1489",25484.9828892723,697240,-686520
"1490",24451.3364428897,698160,-686520
"1491",22498.8117396909,699080,-686520
"1492",18594.5785739082,7e+05,-686520
"1493",16720.1589143725,700920,-686520
"1494",10385.2785557346,701840,-686520
"1495",8996.28438175452,702760,-686520
"1496",32442.1784230276,703680,-686520
"1497",31387.4653764113,704600,-686520
"1498",30789.0256209142,705520,-686520
"1499",37839.9622764295,706440,-686520
"1500",34163.9339334774,707360,-686520
"1501",29520.2373279232,708280,-686520
"1502",31778.5255854917,709200,-686520
"1503",26821.5239140321,710120,-686520
"1504",25071.6817685947,711040,-686520
"1505",20867.1733068109,711960,-686520
"1506",23740.8379515485,712880,-686520
"1507",26490.9882785326,713800,-686520
"1508",24966.1989826006,714720,-686520
"1509",20569.9682823512,715640,-686520
"1510",20046.9372951241,716560,-686520
"1511",21650.6832860068,717480,-686520
"1554",19459.1014724934,690800,-685600
"1555",17189.669290597,691720,-685600
"1556",15799.1627344647,692640,-685600
"1557",19414.7898894235,693560,-685600
"1558",20406.854898747,694480,-685600
"1559",22023.2816570301,695400,-685600
"1560",22581.8473574155,696320,-685600
"1561",25829.3928329746,697240,-685600
"1562",30657.9430334577,698160,-685600
"1563",27557.8612927541,699080,-685600
"1564",34038.0847552417,7e+05,-685600
"1565",29162.6882442256,700920,-685600
"1566",22695.434593615,701840,-685600
"1567",17311.512243237,702760,-685600
"1568",25790.500314135,703680,-685600
"1569",30202.0464889066,704600,-685600
"1570",35400.4313686873,705520,-685600
"1571",35880.5715661012,706440,-685600
"1572",31803.6391530188,707360,-685600
"1573",24746.675174062,708280,-685600
"1574",26490.5501969708,709200,-685600
"1575",24498.0424672953,710120,-685600
"1576",24270.2678364336,711040,-685600
"1577",20769.3409968506,711960,-685600
"1578",22693.2685767749,712880,-685600
"1579",24294.6491599828,713800,-685600
"1580",23561.249219505,714720,-685600
"1581",20943.3643786232,715640,-685600
"1582",19812.6940670016,716560,-685600
"1583",19883.3668162883,717480,-685600
"1626",19722.494038984,690800,-684680
"1627",17260.1240225959,691720,-684680
"1628",15715.5454221073,692640,-684680
"1629",19923.1618313643,693560,-684680
"1630",21559.2564139968,694480,-684680
"1631",22257.4994023538,695400,-684680
"1632",22271.6029693563,696320,-684680
"1633",24939.0534544067,697240,-684680
"1634",20508.7683681329,698160,-684680
"1635",28875.3630734747,699080,-684680
"1636",32599.6882987935,7e+05,-684680
"1637",34936.5165483982,700920,-684680
"1638",23385.8557239349,701840,-684680
"1639",17993.8256786025,702760,-684680
"1640",17620.4689842919,703680,-684680
"1641",31000.1512422259,704600,-684680
"1642",36627.6814059454,705520,-684680
"1643",22724.5742230734,706440,-684680
"1644",30230.0551052841,707360,-684680
"1645",25659.2072612523,708280,-684680
"1646",25065.1699217113,709200,-684680
"1647",22735.348530738,710120,-684680
"1648",23594.5729317999,711040,-684680
"1649",21049.3834039508,711960,-684680
"1650",19903.2267431631,712880,-684680
"1651",21846.2694888534,713800,-684680
"1652",21812.0177572192,714720,-684680
"1653",20345.6657486197,715640,-684680
"1654",15964.2541513942,716560,-684680
"1655",13916.4526844394,717480,-684680
"1697",20323.8380944904,689880,-683760
"1698",19946.802898095,690800,-683760
"1699",17829.232603841,691720,-683760
"1700",14298.1050681643,692640,-683760
"1701",20334.3623268037,693560,-683760
"1702",19258.3090938329,694480,-683760
"1703",21997.7344916504,695400,-683760
"1704",23525.2866552522,696320,-683760
"1705",24282.6038761634,697240,-683760
"1706",24791.2980861821,698160,-683760
"1707",34980.0570996299,699080,-683760
"1708",35529.6565415445,7e+05,-683760
"1709",24371.0450913341,700920,-683760
"1710",23997.5122750413,701840,-683760
"1711",24169.7024271822,702760,-683760
"1712",42868.201769587,703680,-683760
"1713",50493.318204775,704600,-683760
"1714",50930.3093994833,705520,-683760
"1715",36182.1913691306,706440,-683760
"1716",29120.6998140959,707360,-683760
"1717",20842.9818580619,708280,-683760
"1718",24079.8588669924,709200,-683760
"1719",22291.397328655,710120,-683760
"1720",22672.4759174151,711040,-683760
"1721",17901.2974373204,711960,-683760
"1722",15395.1384063489,712880,-683760
"1723",19622.628554198,713800,-683760
"1724",19851.8776490994,714720,-683760
"1725",18704.0505934072,715640,-683760
"1726",14430.1887241413,716560,-683760
"1727",12728.468862766,717480,-683760
"1767",19519.2556613225,688040,-682840
"1768",19501.9191832501,688960,-682840
"1769",18318.1790884697,689880,-682840
"1770",19470.6640573357,690800,-682840
"1771",20214.9253155714,691720,-682840
"1772",19416.6084151148,692640,-682840
"1773",21126.2482397413,693560,-682840
"1774",21545.0767196732,694480,-682840
"1775",22563.2179604916,695400,-682840
"1776",19984.1532952753,696320,-682840
"1777",18590.4762236061,697240,-682840
"1778",25757.9738200003,698160,-682840
"1779",29014.2410525606,699080,-682840
"1780",21770.326057012,7e+05,-682840
"1781",17347.5713201667,700920,-682840
"1782",18262.4728242778,701840,-682840
"1783",24804.5613959121,702760,-682840
"1784",23375.5632588681,703680,-682840
"1785",45870.235223776,704600,-682840
"1786",60360.4043073654,705520,-682840
"1787",36771.9692286704,706440,-682840
"1788",22754.807128895,707360,-682840
"1789",23909.2387207545,708280,-682840
"1790",24166.768127511,709200,-682840
"1791",21544.3484004833,710120,-682840
"1792",19497.2482532992,711040,-682840
"1793",19799.022340681,711960,-682840
"1794",19429.3946309643,712880,-682840
"1795",14346.6451024717,713800,-682840
"1796",17111.9858693078,714720,-682840
"1797",15871.9923934291,715640,-682840
"1798",11122.9731941515,716560,-682840
"1799",16627.9404239212,717480,-682840
"1838",19805.1965541589,687120,-681920
"1839",16529.594046418,688040,-681920
"1840",17670.8971857796,688960,-681920
"1841",18990.4139129548,689880,-681920
"1842",20124.6172223446,690800,-681920
"1843",20707.2477172628,691720,-681920
"1844",20766.198248232,692640,-681920
"1845",21971.5996480319,693560,-681920
"1846",20950.1650670596,694480,-681920
"1847",22661.8735311114,695400,-681920
"1848",25526.5728590508,696320,-681920
"1849",26750.134082388,697240,-681920
"1850",29452.6978641654,698160,-681920
"1851",34529.6967017264,699080,-681920
"1852",34283.2586341831,7e+05,-681920
"1853",21926.982438576,700920,-681920
"1854",22296.7542938062,701840,-681920
"1855",17446.4061456607,702760,-681920
"1856",32676.2177252723,703680,-681920
"1857",42521.9081384855,704600,-681920
"1858",50115.5921433005,705520,-681920
"1859",37697.007107629,706440,-681920
"1860",29186.5954244683,707360,-681920
"1861",27489.5258534365,708280,-681920
"1862",24502.4908023485,709200,-681920
"1863",18486.8144612226,710120,-681920
"1864",15544.2822491944,711040,-681920
"1865",11742.4376871145,711960,-681920
"1866",19443.6166399295,712880,-681920
"1867",18940.5409336836,713800,-681920
"1868",18840.1002823953,714720,-681920
"1869",16821.7777486257,715640,-681920
"1870",13811.7835735473,716560,-681920
"1871",17751.8734705741,717480,-681920
"1910",19476.4145129604,687120,-681000
"1911",18142.8721666631,688040,-681000
"1912",19060.9269343126,688960,-681000
"1913",20603.9594505369,689880,-681000
"1914",21436.5341445576,690800,-681000
"1915",21423.643622449,691720,-681000
"1916",21951.1961102282,692640,-681000
"1917",22733.2981146674,693560,-681000
"1918",21196.1974682567,694480,-681000
"1919",24261.4346180864,695400,-681000
"1920",25230.8492974447,696320,-681000
"1921",28403.8192535008,697240,-681000
"1922",34727.2495507334,698160,-681000
"1923",93407.361215673,699080,-681000
"1924",46803.268620454,7e+05,-681000
"1925",41257.4417531273,700920,-681000
"1926",33077.3059280135,701840,-681000
"1927",36475.033446426,702760,-681000
"1928",27723.809377667,703680,-681000
"1929",32193.5283010748,704600,-681000
"1930",37748.5996598582,705520,-681000
"1931",35950.5052808168,706440,-681000
"1932",28452.5942301505,707360,-681000
"1933",26344.0006986615,708280,-681000
"1934",20976.3498535456,709200,-681000
"1935",17848.645528011,710120,-681000
"1936",20775.5083742869,711040,-681000
"1937",19078.7159318431,711960,-681000
"1938",20208.4061106928,712880,-681000
"1939",20228.2851287454,713800,-681000
"1940",20199.4007204798,714720,-681000
"1941",18809.3831093701,715640,-681000
"1942",17614.9698401496,716560,-681000
"1943",18652.9248295805,717480,-681000
"1982",18996.0378697166,687120,-680080
"1983",16006.1391363992,688040,-680080
"1984",19109.7141871056,688960,-680080
"1985",21123.4301735161,689880,-680080
"1986",22132.3689749596,690800,-680080
"1987",22675.4050618056,691720,-680080
"1988",23409.6979940505,692640,-680080
"1989",24240.1634224923,693560,-680080
"1990",19434.2829479882,694480,-680080
"1991",24634.0894302472,695400,-680080
"1992",27137.5672393957,696320,-680080
"1993",31990.217231471,697240,-680080
"1994",38638.787844241,698160,-680080
"1995",54484.5148062597,699080,-680080
"1996",50048.2730634912,7e+05,-680080
"1997",47083.7172106879,700920,-680080
"1998",26644.9430388008,701840,-680080
"1999",35708.5004061732,702760,-680080
"2000",19277.6610153266,703680,-680080
"2001",23865.7446468369,704600,-680080
"2002",30663.8786021671,705520,-680080
"2003",30043.3734540305,706440,-680080
"2004",23384.3914197071,707360,-680080
"2005",24697.7784966984,708280,-680080
"2006",23536.3558925868,709200,-680080
"2007",22204.2528484372,710120,-680080
"2008",23933.7660892474,711040,-680080
"2009",23024.2783039062,711960,-680080
"2010",17773.5822746142,712880,-680080
"2011",17196.7526030988,713800,-680080
"2012",20444.2674999882,714720,-680080
"2013",16699.789262546,715640,-680080
"2014",10968.009248468,716560,-680080
"2015",17093.4742769899,717480,-680080
"2054",19201.8634194409,687120,-679160
"2055",17575.9520305863,688040,-679160
"2056",18495.5634935649,688960,-679160
"2057",21257.1474772203,689880,-679160
"2058",22669.408861606,690800,-679160
"2059",22727.0550281675,691720,-679160
"2060",23730.5901512247,692640,-679160
"2061",28570.3302263757,693560,-679160
"2062",26295.4261849398,694480,-679160
"2063",26221.6794856242,695400,-679160
"2064",28766.9353730304,696320,-679160
"2065",31531.6172455348,697240,-679160
"2066",36767.4765073002,698160,-679160
"2067",41095.6381806055,699080,-679160
"2068",37031.6491621325,7e+05,-679160
"2069",26517.5710453701,700920,-679160
"2070",25618.3181533443,701840,-679160
"2071",28064.9356838109,702760,-679160
"2072",26042.8160862267,703680,-679160
"2073",19626.9742309134,704600,-679160
"2074",24560.8954300608,705520,-679160
"2075",22924.2226943615,706440,-679160
"2076",26475.7215292865,707360,-679160
"2077",26531.048589419,708280,-679160
"2078",27398.98827507,709200,-679160
"2079",28982.534427783,710120,-679160
"2080",25661.0982300808,711040,-679160
"2081",24822.0025507787,711960,-679160
"2082",23597.1844221458,712880,-679160
"2083",22224.6025592498,713800,-679160
"2084",21683.7867148297,714720,-679160
"2085",16842.1955076696,715640,-679160
"2086",10104.8529420095,716560,-679160
"2087",17030.4034536338,717480,-679160
"2127",13675.2577038217,688040,-678240
"2128",14905.5178909987,688960,-678240
"2129",20839.6237686056,689880,-678240
"2130",22416.9178035017,690800,-678240
"2131",22646.7405826257,691720,-678240
"2132",23388.4847826598,692640,-678240
"2133",24546.86964507,693560,-678240
"2134",24019.4230235708,694480,-678240
"2135",24379.318606097,695400,-678240
"2136",27542.7608968164,696320,-678240
"2137",29328.4032927888,697240,-678240
"2138",32020.8650058863,698160,-678240
"2139",33424.2594033087,699080,-678240
"2140",26012.8383803809,7e+05,-678240
"2141",24022.2345891387,700920,-678240
"2142",27105.2228906451,701840,-678240
"2143",26266.3063895755,702760,-678240
"2144",26215.3120449605,703680,-678240
"2145",25793.3970885655,704600,-678240
"2146",24625.3186270708,705520,-678240
"2147",23360.4066329619,706440,-678240
"2148",24383.3574448705,707360,-678240
"2149",24120.5006011865,708280,-678240
"2150",26949.416105466,709200,-678240
"2151",51533.7403425202,710120,-678240
"2152",26706.5271680876,711040,-678240
"2153",27035.9037591308,711960,-678240
"2154",33350.5803809416,712880,-678240
"2155",27626.3381075988,713800,-678240
"2156",23271.3479498386,714720,-678240
"2157",20433.3146871533,715640,-678240
"2158",18500.484686804,716560,-678240
"2159",19035.4883192313,717480,-678240
"2198",19780.8007773162,687120,-677320
"2199",18255.050212282,688040,-677320
"2200",19134.4093032638,688960,-677320
"2201",20758.7003266097,689880,-677320
"2202",21202.9187560432,690800,-677320
"2203",21002.063840286,691720,-677320
"2204",21604.2867914989,692640,-677320
"2205",22173.0510236265,693560,-677320
"2206",17484.5544754493,694480,-677320
"2207",11931.7330296188,695400,-677320
"2208",24586.5815562093,696320,-677320
"2209",27182.5725547871,697240,-677320
"2210",28726.9833914363,698160,-677320
"2211",29065.2025885998,699080,-677320
"2212",29214.0276564306,7e+05,-677320
"2213",28123.5219780574,700920,-677320
"2214",26333.6300011598,701840,-677320
"2215",10859.8657854948,702760,-677320
"2216",23424.0449975528,703680,-677320
"2217",26511.8136149713,704600,-677320
"2218",26658.8114628988,705520,-677320
"2219",26218.4842000946,706440,-677320
"2220",32323.0684713853,707360,-677320
"2221",33822.5972773695,708280,-677320
"2222",31422.4722182644,709200,-677320
"2223",33405.2326930688,710120,-677320
"2224",30139.130330791,711040,-677320
"2225",29377.4622898663,711960,-677320
"2226",50750.32379814,712880,-677320
"2227",22988.2075503674,713800,-677320
"2228",21820.4490098714,714720,-677320
"2229",20029.2905402399,715640,-677320
"2230",18109.6642739508,716560,-677320
"2231",17875.9639246981,717480,-677320
"2270",20292.6428524586,687120,-676400
"2271",19985.2917394505,688040,-676400
"2272",20967.0405472711,688960,-676400
"2273",21005.3922689034,689880,-676400
"2274",19385.7502016144,690800,-676400
"2275",13963.6381417844,691720,-676400
"2276",15876.4839980696,692640,-676400
"2277",20607.8695571949,693560,-676400
"2278",18846.137494404,694480,-676400
"2279",17388.7515851423,695400,-676400
"2280",23040.2187379233,696320,-676400
"2281",19225.6316875008,697240,-676400
"2282",20019.9870423895,698160,-676400
"2283",27801.8090204255,699080,-676400
"2284",28619.1567435681,7e+05,-676400
"2291",27619.6725208067,706440,-676400
"2292",30205.5032758486,707360,-676400
"2293",29943.6323356831,708280,-676400
"2294",32717.2144622905,709200,-676400
"2295",31127.1902460147,710120,-676400
"2296",37374.9944511015,711040,-676400
"2297",36051.3769014841,711960,-676400
"2298",30535.0472776128,712880,-676400
"2299",21111.7393043649,713800,-676400
"2300",17866.7375793658,714720,-676400
"2301",15119.9039163476,715640,-676400
"2302",11136.9501697762,716560,-676400
"2303",11255.4194393269,717480,-676400
"2343",17837.5515778387,688040,-675480
"2344",19799.2180933136,688960,-675480
"2345",20466.8285061212,689880,-675480
"2346",18230.4716963962,690800,-675480
"2347",7592.42358169163,691720,-675480
"2348",11276.7491123649,692640,-675480
"2349",20285.5300747472,693560,-675480
"2350",22103.9101589586,694480,-675480
"2351",22873.2203296689,695400,-675480
"2352",23517.76917698,696320,-675480
"2354",20661.0137206662,698160,-675480
"2365",14978.7383880884,708280,-675480
"2366",25131.7819647677,709200,-675480
"2367",14269.3635977201,710120,-675480
"2369",33408.2037625634,711960,-675480
"2370",31469.0712545639,712880,-675480
"2371",25399.4477160175,713800,-675480
"2372",17235.5085072965,714720,-675480
"2373",14459.7412380842,715640,-675480
"2374",12754.6302448097,716560,-675480
"2375",12777.0556980026,717480,-675480
"2414",18488.3943212482,687120,-674560
"2415",14302.6904844268,688040,-674560
"2416",18375.9030943832,688960,-674560
"2417",20416.1342281336,689880,-674560
"2418",19721.732687812,690800,-674560
"2419",17599.2952642277,691720,-674560
"2426",25237.7493279455,698160,-674560
"2437",23935.5921387325,708280,-674560
"2438",24545.6600487374,709200,-674560
"2439",22051.5348464107,710120,-674560
"2443",26682.8438220962,713800,-674560
"2444",22609.6106159731,714720,-674560
"2445",20264.5105069329,715640,-674560
"2446",19106.471858854,716560,-674560
"2447",19067.6712301486,717480,-674560
"2490",21372.3943931958,690800,-673640
