Station;x;y;Day;Day1;Month;Year;Precipitation;Name;Forecast;Altitude
1;106.8420767;-6.155568691;1;1;1;2022;0.5;Kemayoran;8.330409919;9
1;106.8420767;-6.155568691;2;2;1;2022;0;Kemayoran;7.260658254;9
1;106.8420767;-6.155568691;3;3;1;2022;0;Kemayoran;12.97033154;9
1;106.8420767;-6.155568691;4;4;1;2022;0;Kemayoran;10.69089599;9
1;106.8420767;-6.155568691;5;5;1;2022;0;Kemayoran;14.80520264;9
1;106.8420767;-6.155568691;6;6;1;2022;34.5;Kemayoran;18.85322758;9
1;106.8420767;-6.155568691;7;7;1;2022;6.8;Kemayoran;13.94932669;9
1;106.8420767;-6.155568691;8;8;1;2022;0.3;Kemayoran;10.57725901;9
1;106.8420767;-6.155568691;9;9;1;2022;0;Kemayoran;13.39309338;9
1;106.8420767;-6.155568691;10;10;1;2022;0;Kemayoran;15.50411003;9
1;106.8420767;-6.155568691;11;11;1;2022;24;Kemayoran;12.68054285;9
1;106.8420767;-6.155568691;12;12;1;2022;27.2;Kemayoran;15.04206425;9
1;106.8420767;-6.155568691;13;13;1;2022;15.6;Kemayoran;15.16951099;9
1;106.8420767;-6.155568691;14;14;1;2022;13;Kemayoran;10.06149751;9
1;106.8420767;-6.155568691;15;15;1;2022;4;Kemayoran;12.04693046;9
1;106.8420767;-6.155568691;16;16;1;2022;0;Kemayoran;8.095433988;9
1;106.8420767;-6.155568691;17;17;1;2022;12.8;Kemayoran;13.52219432;9
1;106.8420767;-6.155568691;18;18;1;2022;8.1;Kemayoran;12.80685916;9
1;106.8420767;-6.155568691;19;19;1;2022;204;Kemayoran;40.18978443;9
1;106.8420767;-6.155568691;20;20;1;2022;6.6;Kemayoran;7.124982296;9
1;106.8420767;-6.155568691;21;21;1;2022;;Kemayoran;13.01346395;9
1;106.8420767;-6.155568691;22;22;1;2022;6;Kemayoran;8.320478689;9
1;106.8420767;-6.155568691;23;23;1;2022;3.2;Kemayoran;10.32918964;9
1;106.8420767;-6.155568691;24;24;1;2022;0;Kemayoran;5.666009485;9
1;106.8420767;-6.155568691;25;25;1;2022;0;Kemayoran;6.756297625;9
1;106.8420767;-6.155568691;26;26;1;2022;5.2;Kemayoran;14.28788408;9
1;106.8420767;-6.155568691;27;27;1;2022;;Kemayoran;12.24085443;9
1;106.8420767;-6.155568691;28;28;1;2022;5.2;Kemayoran;8.33477809;9
1;106.8420767;-6.155568691;29;29;1;2022;0;Kemayoran;10.98106189;9
1;106.8420767;-6.155568691;30;30;1;2022;0;Kemayoran;8.208037499;9
1;106.8420767;-6.155568691;31;31;1;2022;0;Kemayoran;6.549248737;9
1;106.8420767;-6.155568691;32;32;2;2022;0;Kemayoran;5.500575878;9
1;106.8420767;-6.155568691;33;33;2;2022;4;Kemayoran;11.4525204;9
1;106.8420767;-6.155568691;34;34;2;2022;0;Kemayoran;8.924502565;9
1;106.8420767;-6.155568691;35;35;2;2022;88.3;Kemayoran;18.34599976;9
1;106.8420767;-6.155568691;36;36;2;2022;16.3;Kemayoran;15.97131409;9
1;106.8420767;-6.155568691;37;37;2;2022;41.5;Kemayoran;14.26293883;9
1;106.8420767;-6.155568691;38;38;2;2022;10;Kemayoran;9.381609567;9
1;106.8420767;-6.155568691;39;39;2;2022;6.5;Kemayoran;12.0027258;9
1;106.8420767;-6.155568691;40;40;2;2022;63.8;Kemayoran;17.5558383;9
1;106.8420767;-6.155568691;41;41;2;2022;1.2;Kemayoran;9.51723391;9
1;106.8420767;-6.155568691;42;42;2;2022;0;Kemayoran;11.61730122;9
1;106.8420767;-6.155568691;43;43;2;2022;0.4;Kemayoran;12.47146301;9
1;106.8420767;-6.155568691;44;44;2;2022;0;Kemayoran;7.4814692;9
1;106.8420767;-6.155568691;45;45;2;2022;;Kemayoran;10.65235366;9
1;106.8420767;-6.155568691;46;46;2;2022;23.5;Kemayoran;7.706322481;9
1;106.8420767;-6.155568691;47;47;2;2022;2.4;Kemayoran;11.09161785;9
1;106.8420767;-6.155568691;48;48;2;2022;47.5;Kemayoran;13.4325341;9
1;106.8420767;-6.155568691;49;49;2;2022;0.8;Kemayoran;26.06223116;9
1;106.8420767;-6.155568691;50;50;2;2022;2.7;Kemayoran;5.149728818;9
1;106.8420767;-6.155568691;51;51;2;2022;2.8;Kemayoran;10.59137712;9
1;106.8420767;-6.155568691;52;52;2;2022;0.8;Kemayoran;6.199269461;9
1;106.8420767;-6.155568691;53;53;2;2022;3;Kemayoran;8.511012255;9
1;106.8420767;-6.155568691;54;54;2;2022;1;Kemayoran;3.916565041;9
1;106.8420767;-6.155568691;55;55;2;2022;17.8;Kemayoran;6.015166734;9
1;106.8420767;-6.155568691;56;56;2;2022;0;Kemayoran;12.17431564;9
1;106.8420767;-6.155568691;57;57;2;2022;2.5;Kemayoran;9.846950877;9
1;106.8420767;-6.155568691;58;58;2;2022;0;Kemayoran;6.218124209;9
1;106.8420767;-6.155568691;59;59;2;2022;1;Kemayoran;9.244284766;9
1;106.8420767;-6.155568691;60;60;3;2022;12.6;Kemayoran;7.161388017;9
1;106.8420767;-6.155568691;61;61;3;2022;5.2;Kemayoran;5.069006589;9
1;106.8420767;-6.155568691;62;62;3;2022;6.6;Kemayoran;4.100991662;9
1;106.8420767;-6.155568691;63;63;3;2022;3.7;Kemayoran;9.650274004;9
1;106.8420767;-6.155568691;64;64;3;2022;0;Kemayoran;7.170771374;9
1;106.8420767;-6.155568691;65;65;3;2022;12.1;Kemayoran;11.95331409;9
1;106.8420767;-6.155568691;66;66;3;2022;0;Kemayoran;13.23864877;9
1;106.8420767;-6.155568691;67;67;3;2022;0;Kemayoran;9.995214725;9
1;106.8420767;-6.155568691;68;68;3;2022;0.5;Kemayoran;7.059227176;9
1;106.8420767;-6.155568691;69;69;3;2022;0;Kemayoran;9.882183663;9
1;106.8420767;-6.155568691;70;70;3;2022;0;Kemayoran;11.95364614;9
1;106.8420767;-6.155568691;71;71;3;2022;7.5;Kemayoran;8.164828764;9
1;106.8420767;-6.155568691;72;72;3;2022;34.5;Kemayoran;11.94935983;9
1;106.8420767;-6.155568691;73;73;3;2022;2.6;Kemayoran;10.88691038;9
1;106.8420767;-6.155568691;74;74;3;2022;2.5;Kemayoran;5.911817288;9
1;106.8420767;-6.155568691;75;75;3;2022;6.2;Kemayoran;8.68587892;9
1;106.8420767;-6.155568691;76;76;3;2022;0.2;Kemayoran;4.599500388;9
1;106.8420767;-6.155568691;77;77;3;2022;0.4;Kemayoran;9.30642576;9
1;106.8420767;-6.155568691;78;78;3;2022;0;Kemayoran;8.935846656;9
1;106.8420767;-6.155568691;79;79;3;2022;0;Kemayoran;24.24654748;9
1;106.8420767;-6.155568691;80;80;3;2022;0;Kemayoran;3.385018758;9
1;106.8420767;-6.155568691;81;81;3;2022;0;Kemayoran;8.778679068;9
1;106.8420767;-6.155568691;82;82;3;2022;1.5;Kemayoran;4.603200871;9
1;106.8420767;-6.155568691;83;83;3;2022;5.3;Kemayoran;7.027252644;9
1;106.8420767;-6.155568691;84;84;3;2022;0;Kemayoran;2.246262169;9
1;106.8420767;-6.155568691;85;85;3;2022;0;Kemayoran;3.329216855;9
1;106.8420767;-6.155568691;86;86;3;2022;22.5;Kemayoran;11.94720311;9
1;106.8420767;-6.155568691;87;87;3;2022;14.4;Kemayoran;8.972793699;9
1;106.8420767;-6.155568691;88;88;3;2022;0;Kemayoran;4.645715182;9
1;106.8420767;-6.155568691;89;89;3;2022;0;Kemayoran;7.636824131;9
1;106.8420767;-6.155568691;90;90;3;2022;0;Kemayoran;4.848288997;9
1;106.8420767;-6.155568691;91;91;4;2022;0;Kemayoran;3.227941331;9
1;106.8420767;-6.155568691;92;92;4;2022;3.8;Kemayoran;2.400847712;9
1;106.8420767;-6.155568691;93;93;4;2022;18;Kemayoran;9.00057726;9
1;106.8420767;-6.155568691;94;94;4;2022;27.3;Kemayoran;7.338090688;9
1;106.8420767;-6.155568691;95;95;4;2022;0;Kemayoran;9.68286326;9
1;106.8420767;-6.155568691;96;96;4;2022;54;Kemayoran;15.01839295;9
1;106.8420767;-6.155568691;97;97;4;2022;;Kemayoran;9.054237662;9
1;106.8420767;-6.155568691;98;98;4;2022;;Kemayoran;5.930574814;9
1;106.8420767;-6.155568691;99;99;4;2022;45.7;Kemayoran;11.19594911;9
1;106.8420767;-6.155568691;100;100;4;2022;0;Kemayoran;10.48830051;9
1;106.8420767;-6.155568691;101;101;4;2022;0;Kemayoran;6.300162369;9
1;106.8420767;-6.155568691;102;102;4;2022;30;Kemayoran;10.23401764;9
1;106.8420767;-6.155568691;103;103;4;2022;1.7;Kemayoran;9.443893324;9
1;106.8420767;-6.155568691;104;104;4;2022;0.4;Kemayoran;4.378668816;9
1;106.8420767;-6.155568691;105;105;4;2022;0;Kemayoran;6.928252363;9
1;106.8420767;-6.155568691;106;106;4;2022;0;Kemayoran;3.189899025;9
1;106.8420767;-6.155568691;107;107;4;2022;0.6;Kemayoran;7.967637848;9
1;106.8420767;-6.155568691;108;108;4;2022;16;Kemayoran;8.550430689;9
1;106.8420767;-6.155568691;109;109;4;2022;0;Kemayoran;22.80325696;9
1;106.8420767;-6.155568691;110;110;4;2022;0.4;Kemayoran;2.103349211;9
1;106.8420767;-6.155568691;111;111;4;2022;4;Kemayoran;7.683281893;9
1;106.8420767;-6.155568691;112;112;4;2022;11;Kemayoran;3.835551939;9
1;106.8420767;-6.155568691;113;113;4;2022;5.7;Kemayoran;5.728327843;9
1;106.8420767;-6.155568691;114;114;4;2022;5;Kemayoran;1.231453519;9
1;106.8420767;-6.155568691;115;115;4;2022;0.8;Kemayoran;2.056728418;9
1;106.8420767;-6.155568691;116;116;4;2022;26.4;Kemayoran;10.88640207;9
1;106.8420767;-6.155568691;117;117;4;2022;;Kemayoran;7.2389241;9
1;106.8420767;-6.155568691;118;118;4;2022;7.5;Kemayoran;3.806472035;9
1;106.8420767;-6.155568691;119;119;4;2022;;Kemayoran;6.773704583;9
1;106.8420767;-6.155568691;120;120;4;2022;0;Kemayoran;3.562221653;9
1;106.8420767;-6.155568691;121;121;5;2022;0;Kemayoran;1.967835625;9
1;106.8420767;-6.155568691;122;122;5;2022;;Kemayoran;0.963031609;9
1;106.8420767;-6.155568691;123;123;5;2022;18.6;Kemayoran;7.790502292;9
1;106.8420767;-6.155568691;124;124;5;2022;0;Kemayoran;4.471299342;9
1;106.8420767;-6.155568691;125;125;5;2022;0;Kemayoran;8.420529539;9
1;106.8420767;-6.155568691;126;126;5;2022;0;Kemayoran;10.53754688;9
1;106.8420767;-6.155568691;127;127;5;2022;0;Kemayoran;7.287500933;9
1;106.8420767;-6.155568691;128;128;5;2022;0;Kemayoran;4.374736887;9
1;106.8420767;-6.155568691;129;129;5;2022;0;Kemayoran;7.236324037;9
1;106.8420767;-6.155568691;130;130;5;2022;;Kemayoran;9.867580499;9
1;106.8420767;-6.155568691;131;131;5;2022;18.2;Kemayoran;6.215926284;9
1;106.8420767;-6.155568691;132;132;5;2022;0;Kemayoran;7.197130667;9
1;106.8420767;-6.155568691;133;133;5;2022;15.8;Kemayoran;9.138301173;9
1;106.8420767;-6.155568691;134;134;5;2022;13;Kemayoran;3.947444009;9
1;106.8420767;-6.155568691;135;135;5;2022;0;Kemayoran;5.765958986;9
1;106.8420767;-6.155568691;136;136;5;2022;6.5;Kemayoran;2.397816337;9
1;106.8420767;-6.155568691;137;137;5;2022;;Kemayoran;7.238369358;9
1;106.8420767;-6.155568691;138;138;5;2022;0;Kemayoran;6.443995976;9
1;106.8420767;-6.155568691;139;139;5;2022;35.2;Kemayoran;23.7031895;9
1;106.8420767;-6.155568691;140;140;5;2022;9.4;Kemayoran;1.539466232;9
1;106.8420767;-6.155568691;141;141;5;2022;20;Kemayoran;7.522244343;9
1;106.8420767;-6.155568691;142;142;5;2022;0;Kemayoran;2.040159974;9
1;106.8420767;-6.155568691;143;143;5;2022;0;Kemayoran;4.275208871;9
1;106.8420767;-6.155568691;144;144;5;2022;0;Kemayoran;-0.180504028;9
1;106.8420767;-6.155568691;145;145;5;2022;0.2;Kemayoran;0.91362549;9
1;106.8420767;-6.155568691;146;146;5;2022;1;Kemayoran;8.259726127;9
1;106.8420767;-6.155568691;147;147;5;2022;;Kemayoran;6.074704475;9
1;106.8420767;-6.155568691;148;148;5;2022;18.6;Kemayoran;3.381704187;9
1;106.8420767;-6.155568691;149;149;5;2022;27.3;Kemayoran;6.936632375;9
1;106.8420767;-6.155568691;150;150;5;2022;0.3;Kemayoran;2.496165104;9
1;106.8420767;-6.155568691;151;151;5;2022;0;Kemayoran;0.907106423;9
1;106.8420767;-6.155568691;152;152;6;2022;0;Kemayoran;-0.159368297;9
1;106.8420767;-6.155568691;153;153;6;2022;0;Kemayoran;5.616723045;9
1;106.8420767;-6.155568691;154;154;6;2022;32.6;Kemayoran;5.397491247;9
1;106.8420767;-6.155568691;155;155;6;2022;0;Kemayoran;7.355588514;9
1;106.8420767;-6.155568691;156;156;6;2022;0;Kemayoran;9.491554001;9
1;106.8420767;-6.155568691;157;157;6;2022;;Kemayoran;6.656881205;9
1;106.8420767;-6.155568691;158;158;6;2022;0.5;Kemayoran;3.397281053;9
1;106.8420767;-6.155568691;159;159;6;2022;13.6;Kemayoran;7.02992104;9
1;106.8420767;-6.155568691;160;160;6;2022;0.5;Kemayoran;8.291265171;9
1;106.8420767;-6.155568691;161;161;6;2022;5;Kemayoran;4.430777213;9
1;106.8420767;-6.155568691;162;162;6;2022;2.5;Kemayoran;6.315085376;9
1;106.8420767;-6.155568691;163;163;6;2022;;Kemayoran;7.689480136;9
1;106.8420767;-6.155568691;164;164;6;2022;0;Kemayoran;2.168179866;9
1;106.8420767;-6.155568691;165;165;6;2022;0;Kemayoran;4.806935404;9
1;106.8420767;-6.155568691;166;166;6;2022;0;Kemayoran;1.01453461;9
1;106.8420767;-6.155568691;167;167;6;2022;4;Kemayoran;6.112162219;9
1;106.8420767;-6.155568691;168;168;6;2022;0;Kemayoran;5.501179455;9
1;106.8420767;-6.155568691;169;169;6;2022;;Kemayoran;21.88208514;9
1;106.8420767;-6.155568691;170;170;6;2022;0;Kemayoran;0.072642001;9
1;106.8420767;-6.155568691;171;171;6;2022;0;Kemayoran;5.393868552;9
1;106.8420767;-6.155568691;172;172;6;2022;0;Kemayoran;1.108743716;9
1;106.8420767;-6.155568691;173;173;6;2022;15.4;Kemayoran;4.290805583;9
1;106.8420767;-6.155568691;174;174;6;2022;;Kemayoran;-1.16185541;9
1;106.8420767;-6.155568691;175;175;6;2022;0;Kemayoran;-0.002463886;9
1;106.8420767;-6.155568691;176;176;6;2022;0;Kemayoran;7.308790469;9
1;106.8420767;-6.155568691;177;177;6;2022;0;Kemayoran;4.831047549;9
1;106.8420767;-6.155568691;178;178;6;2022;0;Kemayoran;1.385063877;9
1;106.8420767;-6.155568691;179;179;6;2022;21.7;Kemayoran;5.737613973;9
1;106.8420767;-6.155568691;180;180;6;2022;0;Kemayoran;1.622275741;9
1;106.8420767;-6.155568691;181;181;6;2022;0;Kemayoran;0.068110241;9
1;106.8420767;-6.155568691;182;182;7;2022;0;Kemayoran;-1.001996755;9
1;106.8420767;-6.155568691;183;183;7;2022;0;Kemayoran;4.802300848;9
1;106.8420767;-6.155568691;184;184;7;2022;3;Kemayoran;2.800240757;9
1;106.8420767;-6.155568691;185;185;7;2022;13.6;Kemayoran;7.35542008;9
1;106.8420767;-6.155568691;186;186;7;2022;0;Kemayoran;8.690720271;9
1;106.8420767;-6.155568691;187;187;7;2022;11.6;Kemayoran;6.165069715;9
1;106.8420767;-6.155568691;188;188;7;2022;16.8;Kemayoran;3.620776576;9
1;106.8420767;-6.155568691;189;189;7;2022;0;Kemayoran;5.436854117;9
1;106.8420767;-6.155568691;190;190;7;2022;0;Kemayoran;7.512736546;9
1;106.8420767;-6.155568691;191;191;7;2022;0;Kemayoran;3.394501335;9
1;106.8420767;-6.155568691;192;192;7;2022;0;Kemayoran;5.403692602;9
1;106.8420767;-6.155568691;193;193;7;2022;0;Kemayoran;6.536668058;9
1;106.8420767;-6.155568691;194;194;7;2022;0;Kemayoran;1.444385592;9
1;106.8420767;-6.155568691;195;195;7;2022;;Kemayoran;4.395007033;9
1;106.8420767;-6.155568691;196;196;7;2022;0;Kemayoran;0.304923278;9
1;106.8420767;-6.155568691;197;197;7;2022;36;Kemayoran;7.386855208;9
1;106.8420767;-6.155568691;198;198;7;2022;11.8;Kemayoran;5.564591638;9
1;106.8420767;-6.155568691;199;199;7;2022;0;Kemayoran;19.84716573;9
1;106.8420767;-6.155568691;200;200;7;2022;0;Kemayoran;-0.527858504;9
1;106.8420767;-6.155568691;201;201;7;2022;0;Kemayoran;4.777742939;9
1;106.8420767;-6.155568691;202;202;7;2022;0;Kemayoran;0.494823025;9
1;106.8420767;-6.155568691;203;203;7;2022;0;Kemayoran;2.769908607;9
1;106.8420767;-6.155568691;204;204;7;2022;0;Kemayoran;-1.674754037;9
1;106.8420767;-6.155568691;205;205;7;2022;0;Kemayoran;-0.581185351;9
1;106.8420767;-6.155568691;206;206;7;2022;0;Kemayoran;6.754680908;9
1;106.8420767;-6.155568691;207;207;7;2022;0;Kemayoran;4.28825096;9
1;106.8420767;-6.155568691;208;208;7;2022;0;Kemayoran;0.851231107;9
1;106.8420767;-6.155568691;209;209;7;2022;0;Kemayoran;3.906360351;9
1;106.8420767;-6.155568691;210;210;7;2022;0;Kemayoran;1.125325759;9
1;106.8420767;-6.155568691;211;211;7;2022;0;Kemayoran;-0.415259749;9
1;106.8420767;-6.155568691;212;212;7;2022;0;Kemayoran;-1.487045407;9
1;106.8420767;-6.155568691;213;213;8;2022;0;Kemayoran;4.356988369;9
1;106.8420767;-6.155568691;214;214;8;2022;0;Kemayoran;2.167415753;9
1;106.8420767;-6.155568691;215;215;8;2022;0;Kemayoran;6.089817086;9
1;106.8420767;-6.155568691;216;216;8;2022;7.1;Kemayoran;8.705090436;9
1;106.8420767;-6.155568691;217;217;8;2022;15.4;Kemayoran;5.983767069;9
1;106.8420767;-6.155568691;218;218;8;2022;0;Kemayoran;2.236437328;9
1;106.8420767;-6.155568691;219;219;8;2022;2.6;Kemayoran;5.212530157;9
1;106.8420767;-6.155568691;220;220;8;2022;0;Kemayoran;7.161888956;9
1;106.8420767;-6.155568691;221;221;8;2022;0;Kemayoran;3.05494319;9
1;106.8420767;-6.155568691;222;222;8;2022;0;Kemayoran;5.04609157;9
1;106.8420767;-6.155568691;223;223;8;2022;0;Kemayoran;6.25426822;9
1;106.8420767;-6.155568691;224;224;8;2022;0;Kemayoran;1.130882776;9
1;106.8420767;-6.155568691;225;225;8;2022;0;Kemayoran;3.871562227;9
1;106.8420767;-6.155568691;226;226;8;2022;0;Kemayoran;0.026682546;9
1;106.8420767;-6.155568691;227;227;8;2022;0;Kemayoran;4.989269683;9
1;106.8420767;-6.155568691;228;228;8;2022;;Kemayoran;4.935651173;9
1;106.8420767;-6.155568691;229;229;8;2022;6.4;Kemayoran;19.95601801;9
1;106.8420767;-6.155568691;230;230;8;2022;0;Kemayoran;-0.703815276;9
1;106.8420767;-6.155568691;231;231;8;2022;0;Kemayoran;4.603757608;9
1;106.8420767;-6.155568691;232;232;8;2022;0;Kemayoran;0.319971315;9
1;106.8420767;-6.155568691;233;233;8;2022;0;Kemayoran;2.619731572;9
1;106.8420767;-6.155568691;234;234;8;2022;0;Kemayoran;-1.81196575;9
1;106.8420767;-6.155568691;235;235;8;2022;0;Kemayoran;-0.711446756;9
1;106.8420767;-6.155568691;236;236;8;2022;0;Kemayoran;6.658208937;9
1;106.8420767;-6.155568691;237;237;8;2022;0;Kemayoran;4.202093628;9
1;106.8420767;-6.155568691;238;238;8;2022;0;Kemayoran;0.773381646;9
1;106.8420767;-6.155568691;239;239;8;2022;0;Kemayoran;3.838819382;9
1;106.8420767;-6.155568691;240;240;8;2022;0;Kemayoran;1.090464436;9
1;106.8420767;-6.155568691;241;241;8;2022;0;Kemayoran;-0.434602826;9
1;106.8420767;-6.155568691;242;242;8;2022;0;Kemayoran;-1.509249935;9
1;106.8420767;-6.155568691;243;243;8;2022;0;Kemayoran;4.381635531;9
1;106.8420767;-6.155568691;244;244;9;2022;0;Kemayoran;2.179631929;9
1;106.8420767;-6.155568691;245;245;9;2022;0.5;Kemayoran;6.141063647;9
1;106.8420767;-6.155568691;246;246;9;2022;0;Kemayoran;8.33954147;9
1;106.8420767;-6.155568691;247;247;9;2022;0;Kemayoran;5.111276197;9
1;106.8420767;-6.155568691;248;248;9;2022;0;Kemayoran;2.331785164;9
1;106.8420767;-6.155568691;249;249;9;2022;0.2;Kemayoran;5.154385703;9
1;106.8420767;-6.155568691;250;250;9;2022;0.2;Kemayoran;7.293086329;9
1;106.8420767;-6.155568691;251;251;9;2022;5.8;Kemayoran;3.525930581;9
1;106.8420767;-6.155568691;252;252;9;2022;1.5;Kemayoran;5.242364632;9
1;106.8420767;-6.155568691;253;253;9;2022;55.8;Kemayoran;9.780740233;9
1;106.8420767;-6.155568691;254;254;9;2022;0;Kemayoran;1.273534848;9
1;106.8420767;-6.155568691;255;255;9;2022;23.4;Kemayoran;5.47302568;9
1;106.8420767;-6.155568691;256;256;9;2022;0;Kemayoran;0.198360732;9
1;106.8420767;-6.155568691;257;257;9;2022;0;Kemayoran;5.203211854;9
1;106.8420767;-6.155568691;258;258;9;2022;0;Kemayoran;4.860389235;9
1;106.8420767;-6.155568691;259;259;9;2022;0;Kemayoran;19.7510331;9
1;106.8420767;-6.155568691;260;260;9;2022;0;Kemayoran;-0.450110705;9
1;106.8420767;-6.155568691;261;261;9;2022;0;Kemayoran;4.866191617;9
1;106.8420767;-6.155568691;262;262;9;2022;1.2;Kemayoran;0.641806767;9
1;106.8420767;-6.155568691;263;263;9;2022;0;Kemayoran;2.894156296;9
1;106.8420767;-6.155568691;264;264;9;2022;0;Kemayoran;-1.535309875;9
1;106.8420767;-6.155568691;265;265;9;2022;0;Kemayoran;-0.434251032;9
1;106.8420767;-6.155568691;266;266;9;2022;21.4;Kemayoran;8.25210039;9
1;106.8420767;-6.155568691;267;267;9;2022;0;Kemayoran;4.51322149;9
1;106.8420767;-6.155568691;268;268;9;2022;0;Kemayoran;1.082865727;9
1;106.8420767;-6.155568691;269;269;9;2022;0;Kemayoran;4.156320987;9
1;106.8420767;-6.155568691;270;270;9;2022;10.5;Kemayoran;2.059707726;9
1;106.8420767;-6.155568691;271;271;9;2022;0;Kemayoran;-0.086589261;9
1;106.8420767;-6.155568691;272;272;9;2022;0;Kemayoran;-1.174643413;9
1;106.8420767;-6.155568691;273;273;9;2022;0;Kemayoran;4.761003012;9
1;106.8420767;-6.155568691;274;274;10;2022;0;Kemayoran;2.532736918;9
1;106.8420767;-6.155568691;275;275;10;2022;0;Kemayoran;6.46726617;9
1;106.8420767;-6.155568691;276;276;10;2022;15.8;Kemayoran;9.674777118;9
1;106.8420767;-6.155568691;277;277;10;2022;1.6;Kemayoran;5.574374467;9
1;106.8420767;-6.155568691;278;278;10;2022;26;Kemayoran;4.291437983;9
1;106.8420767;-6.155568691;279;279;10;2022;0;Kemayoran;5.527228215;9
1;106.8420767;-6.155568691;280;280;10;2022;48.6;Kemayoran;10.60760639;9
1;106.8420767;-6.155568691;281;281;10;2022;1.2;Kemayoran;3.647827859;9
1;106.8420767;-6.155568691;282;282;10;2022;0;Kemayoran;5.552130001;9
1;106.8420767;-6.155568691;283;283;10;2022;0;Kemayoran;6.840860296;9
1;106.8420767;-6.155568691;284;284;10;2022;0;Kemayoran;1.69508106;9
1;106.8420767;-6.155568691;285;285;10;2022;17;Kemayoran;5.51666594;9
1;106.8420767;-6.155568691;286;286;10;2022;0;Kemayoran;0.608969564;9
1;106.8420767;-6.155568691;287;287;10;2022;21;Kemayoran;6.902223176;9
1;106.8420767;-6.155568691;288;288;10;2022;0;Kemayoran;5.290550688;9
1;106.8420767;-6.155568691;289;289;10;2022;12.2;Kemayoran;20.88055394;9
1;106.8420767;-6.155568691;290;290;10;2022;0;Kemayoran;-0.009467237;9
1;106.8420767;-6.155568691;291;291;10;2022;3.8;Kemayoran;5.548785843;9
1;106.8420767;-6.155568691;292;292;10;2022;0;Kemayoran;0.995400178;9
1;106.8420767;-6.155568691;293;293;10;2022;20.2;Kemayoran;4.552848177;9
1;106.8420767;-6.155568691;294;294;10;2022;0;Kemayoran;-1.099142571;9
1;106.8420767;-6.155568691;295;295;10;2022;0;Kemayoran;0.001655502;9
1;106.8420767;-6.155568691;296;296;10;2022;34.8;Kemayoran;9.499021365;9
1;106.8420767;-6.155568691;297;297;10;2022;0;Kemayoran;4.969367367;9
1;106.8420767;-6.155568691;298;298;10;2022;0;Kemayoran;1.518289978;9
1;106.8420767;-6.155568691;299;299;10;2022;17.3;Kemayoran;5.637704073;9
1;106.8420767;-6.155568691;300;300;10;2022;;Kemayoran;1.994575352;9
1;106.8420767;-6.155568691;301;301;10;2022;0;Kemayoran;0.370868968;9
1;106.8420767;-6.155568691;302;302;10;2022;0;Kemayoran;-0.74436923;9
1;106.8420767;-6.155568691;303;303;10;2022;0;Kemayoran;5.235251825;9
1;106.8420767;-6.155568691;304;304;10;2022;0;Kemayoran;2.96835606;9
1;106.8420767;-6.155568691;305;305;11;2022;0;Kemayoran;6.908650139;9
1;106.8420767;-6.155568691;306;306;11;2022;0;Kemayoran;9.179691881;9
1;106.8420767;-6.155568691;307;307;11;2022;0;Kemayoran;5.926885881;9
1;106.8420767;-6.155568691;308;308;11;2022;0;Kemayoran;3.174631095;9
1;106.8420767;-6.155568691;309;309;11;2022;27.6;Kemayoran;7.651163074;9
1;106.8420767;-6.155568691;310;310;11;2022;0;Kemayoran;8.126226287;9
1;106.8420767;-6.155568691;311;311;11;2022;2.2;Kemayoran;4.167652104;9
1;106.8420767;-6.155568691;312;312;11;2022;0.4;Kemayoran;6.01969718;9
1;106.8420767;-6.155568691;313;313;11;2022;7.7;Kemayoran;7.749203727;9
1;106.8420767;-6.155568691;314;314;11;2022;;Kemayoran;2.293832951;9
1;106.8420767;-6.155568691;315;315;11;2022;13.5;Kemayoran;5.756938406;9
1;106.8420767;-6.155568691;316;316;11;2022;0.6;Kemayoran;1.096288693;9
1;106.8420767;-6.155568691;317;317;11;2022;;Kemayoran;6.487447612;9
1;106.8420767;-6.155568691;318;318;11;2022;0;Kemayoran;5.752450171;9
1;106.8420767;-6.155568691;319;319;11;2022;0.5;Kemayoran;20.60621425;9
1;106.8420767;-6.155568691;320;320;11;2022;0;Kemayoran;0.448763302;9
1;106.8420767;-6.155568691;321;321;11;2022;42.4;Kemayoran;8.338400399;9
1;106.8420767;-6.155568691;322;322;11;2022;10.5;Kemayoran;2.075900596;9
1;106.8420767;-6.155568691;323;323;11;2022;;Kemayoran;4.038947398;9
1;106.8420767;-6.155568691;324;324;11;2022;0;Kemayoran;-0.639738045;9
1;106.8420767;-6.155568691;325;325;11;2022;0;Kemayoran;0.465691602;9
1;106.8420767;-6.155568691;326;326;11;2022;0;Kemayoran;7.852039577;9
1;106.8420767;-6.155568691;327;327;11;2022;0;Kemayoran;5.45675538;9
1;106.8420767;-6.155568691;328;328;11;2022;2.7;Kemayoran;2.137626164;9
1;106.8420767;-6.155568691;329;329;11;2022;0;Kemayoran;5.054168357;9
1;106.8420767;-6.155568691;330;330;11;2022;0;Kemayoran;2.343722463;9
1;106.8420767;-6.155568691;331;331;11;2022;17.2;Kemayoran;1.880719194;9
1;106.8420767;-6.155568691;332;332;11;2022;2;Kemayoran;-0.175230363;9
1;106.8420767;-6.155568691;333;333;11;2022;16.8;Kemayoran;6.743055061;9
1;106.8420767;-6.155568691;334;334;11;2022;0;Kemayoran;3.426081078;9
1;106.8420767;-6.155568691;335;335;12;2022;0;Kemayoran;7.376795547;9
1;106.8420767;-6.155568691;336;336;12;2022;;Kemayoran;10.27861201;9
1;106.8420767;-6.155568691;337;337;12;2022;4;Kemayoran;6.644200642;9
1;106.8420767;-6.155568691;338;338;12;2022;0;Kemayoran;3.655639799;9
1;106.8420767;-6.155568691;339;339;12;2022;0;Kemayoran;6.47889322;9
1;106.8420767;-6.155568691;340;340;12;2022;0;Kemayoran;8.606474862;9
1;106.8420767;-6.155568691;341;341;12;2022;;Kemayoran;4.818648903;9
1;106.8420767;-6.155568691;342;342;12;2022;0;Kemayoran;6.481766355;9
1;106.8420767;-6.155568691;343;343;12;2022;2.6;Kemayoran;7.929058402;9
1;106.8420767;-6.155568691;344;344;12;2022;14.1;Kemayoran;3.507320771;9
1;106.8420767;-6.155568691;345;345;12;2022;0.2;Kemayoran;5.448518222;9
1;106.8420767;-6.155568691;346;346;12;2022;0;Kemayoran;1.561999711;9
1;106.8420767;-6.155568691;347;347;12;2022;2;Kemayoran;6.719051832;9
1;106.8420767;-6.155568691;348;348;12;2022;0;Kemayoran;6.261933724;9
1;106.8420767;-6.155568691;349;349;12;2022;0;Kemayoran;21.06938849;9
1;106.8420767;-6.155568691;350;350;12;2022;0;Kemayoran;0.967938739;9
1;106.8420767;-6.155568691;351;351;12;2022;1.5;Kemayoran;6.396216695;9
1;106.8420767;-6.155568691;352;352;12;2022;1.7;Kemayoran;2.065275431;9
1;106.8420767;-6.155568691;353;353;12;2022;4.8;Kemayoran;4.602136885;9
1;106.8420767;-6.155568691;354;354;12;2022;0;Kemayoran;-0.118374683;9
1;106.8420767;-6.155568691;355;355;12;2022;0;Kemayoran;0.991632072;9
1;106.8420767;-6.155568691;356;356;12;2022;1;Kemayoran;8.42106035;9
1;106.8420767;-6.155568691;357;357;12;2022;38.5;Kemayoran;8.319561604;9
1;106.8420767;-6.155568691;358;358;12;2022;2.8;Kemayoran;2.665482138;9
1;106.8420767;-6.155568691;359;359;12;2022;1.5;Kemayoran;5.671142201;9
1;106.8420767;-6.155568691;360;360;12;2022;14.9;Kemayoran;3.782644008;9
1;106.8420767;-6.155568691;361;361;12;2022;6.3;Kemayoran;1.766106105;9
1;106.8420767;-6.155568691;362;362;12;2022;0.9;Kemayoran;0.289727172;9
1;106.8420767;-6.155568691;363;363;12;2022;34;Kemayoran;8.339788783;9
1;106.8420767;-6.155568691;364;364;12;2022;1.2;Kemayoran;4.034102036;9
1;106.8420767;-6.155568691;365;365;12;2022;4.6;Kemayoran;8.200091081;9
1;106.8420767;-6.155568691;366;1;13;2023;;Kemayoran;10.86715797;9
1;106.8420767;-6.155568691;367;2;13;2023;;Kemayoran;7.402833492;9
1;106.8420767;-6.155568691;368;3;13;2023;;Kemayoran;4.48088772;9
1;106.8420767;-6.155568691;369;4;13;2023;;Kemayoran;7.486093244;9
1;106.8420767;-6.155568691;370;5;13;2023;;Kemayoran;9.75088281;9
1;106.8420767;-6.155568691;371;6;13;2023;;Kemayoran;5.414898339;9
1;106.8420767;-6.155568691;372;7;13;2023;;Kemayoran;7.494068133;9
1;106.8420767;-6.155568691;373;8;13;2023;;Kemayoran;8.869022511;9
1;106.8420767;-6.155568691;374;9;13;2023;;Kemayoran;3.433813228;9
1;106.8420767;-6.155568691;375;10;13;2023;;Kemayoran;6.385782843;9
1;106.8420767;-6.155568691;376;11;13;2023;;Kemayoran;2.265426483;9
1;106.8420767;-6.155568691;377;12;13;2023;;Kemayoran;7.624358959;9
1;106.8420767;-6.155568691;378;13;13;2023;;Kemayoran;7.266550387;9
1;106.8420767;-6.155568691;379;14;13;2023;;Kemayoran;23.01842073;9
1;106.8420767;-6.155568691;380;15;13;2023;;Kemayoran;1.636376917;9
1;106.8420767;-6.155568691;381;16;13;2023;;Kemayoran;7.31554427;9
1;106.8420767;-6.155568691;382;17;13;2023;;Kemayoran;2.696190803;9
1;106.8420767;-6.155568691;383;18;13;2023;;Kemayoran;5.197471516;9
1;106.8420767;-6.155568691;384;19;13;2023;;Kemayoran;0.482149585;9
1;106.8420767;-6.155568691;385;20;13;2023;;Kemayoran;1.663180313;9
1;106.8420767;-6.155568691;386;21;13;2023;;Kemayoran;9.502577282;9
1;106.8420767;-6.155568691;387;22;13;2023;;Kemayoran;7.00480753;9
1;106.8420767;-6.155568691;388;23;13;2023;;Kemayoran;3.265524411;9
1;106.8420767;-6.155568691;389;24;13;2023;;Kemayoran;6.545570858;9
1;106.8420767;-6.155568691;390;25;13;2023;;Kemayoran;3.682784436;9
1;106.8420767;-6.155568691;391;26;13;2023;;Kemayoran;2.085673414;9
1;106.8420767;-6.155568691;392;27;13;2023;;Kemayoran;0.859396078;9
1;106.8420767;-6.155568691;393;28;13;2023;;Kemayoran;7.312615665;9
1;106.8420767;-6.155568691;394;29;13;2023;;Kemayoran;4.823421066;9
1;106.8420767;-6.155568691;395;30;13;2023;;Kemayoran;9.038274573;9
1;106.8420767;-6.155568691;396;31;13;2023;;Kemayoran;11.47444519;9
2;106.8805196;-6.107757058;1;1;1;2022;;Tanjungpriok;8.593827796;0
2;106.8805196;-6.107757058;2;2;1;2022;0;Tanjungpriok;7.423808519;0
2;106.8805196;-6.107757058;3;3;1;2022;0;Tanjungpriok;12.12007174;0
2;106.8805196;-6.107757058;4;4;1;2022;0;Tanjungpriok;8.625712984;0
2;106.8805196;-6.107757058;5;5;1;2022;0;Tanjungpriok;12.72643945;0
2;106.8805196;-6.107757058;6;6;1;2022;36;Tanjungpriok;19.09774462;0
2;106.8805196;-6.107757058;7;7;1;2022;0.5;Tanjungpriok;13.68138032;0
2;106.8805196;-6.107757058;8;8;1;2022;7;Tanjungpriok;12.16734704;0
2;106.8805196;-6.107757058;9;9;1;2022;0;Tanjungpriok;11.1830604;0
2;106.8805196;-6.107757058;10;10;1;2022;0;Tanjungpriok;7.277248534;0
2;106.8805196;-6.107757058;11;11;1;2022;43.9;Tanjungpriok;17.90615331;0
2;106.8805196;-6.107757058;12;12;1;2022;20;Tanjungpriok;9.926170435;0
2;106.8805196;-6.107757058;13;13;1;2022;18.4;Tanjungpriok;11.25995881;0
2;106.8805196;-6.107757058;14;14;1;2022;22.2;Tanjungpriok;10.726426;0
2;106.8805196;-6.107757058;15;15;1;2022;15.8;Tanjungpriok;9.627052218;0
2;106.8805196;-6.107757058;16;16;1;2022;0;Tanjungpriok;7.487914745;0
2;106.8805196;-6.107757058;17;17;1;2022;39;Tanjungpriok;20.29573031;0
2;106.8805196;-6.107757058;18;18;1;2022;28.2;Tanjungpriok;12.75297624;0
2;106.8805196;-6.107757058;19;19;1;2022;134.7;Tanjungpriok;29.74659669;0
2;106.8805196;-6.107757058;20;20;1;2022;0.3;Tanjungpriok;4.141423131;0
2;106.8805196;-6.107757058;21;21;1;2022;1.5;Tanjungpriok;9.586120808;0
2;106.8805196;-6.107757058;22;22;1;2022;13.3;Tanjungpriok;8.626122704;0
2;106.8805196;-6.107757058;23;23;1;2022;0.8;Tanjungpriok;7.014512519;0
2;106.8805196;-6.107757058;24;24;1;2022;0;Tanjungpriok;5.22755803;0
2;106.8805196;-6.107757058;25;25;1;2022;0;Tanjungpriok;5.90819546;0
2;106.8805196;-6.107757058;26;26;1;2022;2.5;Tanjungpriok;16.04409;0
2;106.8805196;-6.107757058;27;27;1;2022;0.4;Tanjungpriok;9.943915877;0
2;106.8805196;-6.107757058;28;28;1;2022;0;Tanjungpriok;8.231354456;0
2;106.8805196;-6.107757058;29;29;1;2022;0;Tanjungpriok;7.548054818;0
2;106.8805196;-6.107757058;30;30;1;2022;0;Tanjungpriok;6.358176051;0
2;106.8805196;-6.107757058;31;31;1;2022;0;Tanjungpriok;5.55793883;0
2;106.8805196;-6.107757058;32;32;2;2022;0;Tanjungpriok;5.026405891;0
2;106.8805196;-6.107757058;33;33;2;2022;28.1;Tanjungpriok;11.74473963;0
2;106.8805196;-6.107757058;34;34;2;2022;;Tanjungpriok;6.656974901;0
2;106.8805196;-6.107757058;35;35;2;2022;23;Tanjungpriok;12.08645554;0
2;106.8805196;-6.107757058;36;36;2;2022;3.8;Tanjungpriok;14.15724194;0
2;106.8805196;-6.107757058;37;37;2;2022;61;Tanjungpriok;15.73170649;0
2;106.8805196;-6.107757058;38;38;2;2022;16.5;Tanjungpriok;10.37438005;0
2;106.8805196;-6.107757058;39;39;2;2022;1.6;Tanjungpriok;8.929494741;0
2;106.8805196;-6.107757058;40;40;2;2022;8.4;Tanjungpriok;5.579011632;0
2;106.8805196;-6.107757058;41;41;2;2022;3.5;Tanjungpriok;12.43214787;0
2;106.8805196;-6.107757058;42;42;2;2022;0;Tanjungpriok;6.149317363;0
2;106.8805196;-6.107757058;43;43;2;2022;0;Tanjungpriok;7.573475743;0
2;106.8805196;-6.107757058;44;44;2;2022;0;Tanjungpriok;6.712196055;0
2;106.8805196;-6.107757058;45;45;2;2022;0;Tanjungpriok;6.07191191;0
2;106.8805196;-6.107757058;46;46;2;2022;9.5;Tanjungpriok;5.933137307;0
2;106.8805196;-6.107757058;47;47;2;2022;1.6;Tanjungpriok;15.1292186;0
2;106.8805196;-6.107757058;48;48;2;2022;21.5;Tanjungpriok;10.25826428;0
2;106.8805196;-6.107757058;49;49;2;2022;0.8;Tanjungpriok;17.07321402;0
2;106.8805196;-6.107757058;50;50;2;2022;1.5;Tanjungpriok;2.265994964;0
2;106.8805196;-6.107757058;51;51;2;2022;;Tanjungpriok;7.742286973;0
2;106.8805196;-6.107757058;52;52;2;2022;1;Tanjungpriok;5.309866309;0
2;106.8805196;-6.107757058;53;53;2;2022;1.8;Tanjungpriok;4.790721369;0
2;106.8805196;-6.107757058;54;54;2;2022;4;Tanjungpriok;3.173631279;0
2;106.8805196;-6.107757058;55;55;2;2022;6.3;Tanjungpriok;4.011452828;0
2;106.8805196;-6.107757058;56;56;2;2022;0;Tanjungpriok;13.59667542;0
2;106.8805196;-6.107757058;57;57;2;2022;2;Tanjungpriok;7.752413557;0
2;106.8805196;-6.107757058;58;58;2;2022;;Tanjungpriok;6.398887055;0
2;106.8805196;-6.107757058;59;59;2;2022;2.1;Tanjungpriok;5.425110324;0
2;106.8805196;-6.107757058;60;60;3;2022;9.4;Tanjungpriok;4.765864581;0
2;106.8805196;-6.107757058;61;61;3;2022;4.2;Tanjungpriok;3.578797813;0
2;106.8805196;-6.107757058;62;62;3;2022;15;Tanjungpriok;3.955606703;0
2;106.8805196;-6.107757058;63;63;3;2022;3.4;Tanjungpriok;7.652063977;0
2;106.8805196;-6.107757058;64;64;3;2022;;Tanjungpriok;4.375999887;0
2;106.8805196;-6.107757058;65;65;3;2022;15.6;Tanjungpriok;9.377133404;0
2;106.8805196;-6.107757058;66;66;3;2022;0;Tanjungpriok;11.78191039;0
2;106.8805196;-6.107757058;67;67;3;2022;0;Tanjungpriok;9.017097081;0
2;106.8805196;-6.107757058;68;68;3;2022;5;Tanjungpriok;7.457680237;0
2;106.8805196;-6.107757058;69;69;3;2022;0;Tanjungpriok;6.834873744;0
2;106.8805196;-6.107757058;70;70;3;2022;0;Tanjungpriok;2.900182559;0
2;106.8805196;-6.107757058;71;71;3;2022;13;Tanjungpriok;10.89373622;0
2;106.8805196;-6.107757058;72;72;3;2022;7.9;Tanjungpriok;4.681682475;0
2;106.8805196;-6.107757058;73;73;3;2022;0;Tanjungpriok;5.558276064;0
2;106.8805196;-6.107757058;74;74;3;2022;9.4;Tanjungpriok;5.321828336;0
2;106.8805196;-6.107757058;75;75;3;2022;0.2;Tanjungpriok;4.076960595;0
2;106.8805196;-6.107757058;76;76;3;2022;0.2;Tanjungpriok;3.339225983;0
2;106.8805196;-6.107757058;77;77;3;2022;0.2;Tanjungpriok;13.1063478;0
2;106.8805196;-6.107757058;78;78;3;2022;0;Tanjungpriok;6.930450934;0
2;106.8805196;-6.107757058;79;79;3;2022;0;Tanjungpriok;14.4973879;0
2;106.8805196;-6.107757058;80;80;3;2022;0;Tanjungpriok;0.590603184;0
2;106.8805196;-6.107757058;81;81;3;2022;0;Tanjungpriok;5.347550258;0
2;106.8805196;-6.107757058;82;82;3;2022;0;Tanjungpriok;3.306353674;0
2;106.8805196;-6.107757058;83;83;3;2022;0;Tanjungpriok;2.873257254;0
2;106.8805196;-6.107757058;84;84;3;2022;0;Tanjungpriok;1.047395463;0
2;106.8805196;-6.107757058;85;85;3;2022;0;Tanjungpriok;1.670014028;0
2;106.8805196;-6.107757058;86;86;3;2022;32;Tanjungpriok;14.22209088;0
2;106.8805196;-6.107757058;87;87;3;2022;23.8;Tanjungpriok;7.531529911;0
2;106.8805196;-6.107757058;88;88;3;2022;0;Tanjungpriok;4.162047385;0
2;106.8805196;-6.107757058;89;89;3;2022;0;Tanjungpriok;3.601996326;0
2;106.8805196;-6.107757058;90;90;3;2022;0;Tanjungpriok;2.350069868;0
2;106.8805196;-6.107757058;91;91;4;2022;0;Tanjungpriok;1.627124841;0
2;106.8805196;-6.107757058;92;92;4;2022;0.5;Tanjungpriok;1.258224233;0
2;106.8805196;-6.107757058;93;93;4;2022;0;Tanjungpriok;5.73458197;0
2;106.8805196;-6.107757058;94;94;4;2022;4;Tanjungpriok;2.815617616;0
2;106.8805196;-6.107757058;95;95;4;2022;0;Tanjungpriok;6.578058251;0
2;106.8805196;-6.107757058;96;96;4;2022;33.6;Tanjungpriok;12.74598956;0
2;106.8805196;-6.107757058;97;97;4;2022;0;Tanjungpriok;7.261338775;0
2;106.8805196;-6.107757058;98;98;4;2022;3;Tanjungpriok;5.771191581;0
2;106.8805196;-6.107757058;99;99;4;2022;54;Tanjungpriok;9.338745944;0
2;106.8805196;-6.107757058;100;100;4;2022;0;Tanjungpriok;1.424799758;0
2;106.8805196;-6.107757058;101;101;4;2022;0;Tanjungpriok;8.345775759;0
2;106.8805196;-6.107757058;102;102;4;2022;0.5;Tanjungpriok;2.692918256;0
2;106.8805196;-6.107757058;103;103;4;2022;0;Tanjungpriok;4.219346763;0
2;106.8805196;-6.107757058;104;104;4;2022;0;Tanjungpriok;3.131696105;0
2;106.8805196;-6.107757058;105;105;4;2022;0;Tanjungpriok;2.690124579;0
2;106.8805196;-6.107757058;106;106;4;2022;0;Tanjungpriok;1.957126721;0
2;106.8805196;-6.107757058;107;107;4;2022;0;Tanjungpriok;11.82864454;0
2;106.8805196;-6.107757058;108;108;4;2022;12.9;Tanjungpriok;6.596086426;0
2;106.8805196;-6.107757058;109;109;4;2022;0;Tanjungpriok;12.66586227;0
2;106.8805196;-6.107757058;110;110;4;2022;0;Tanjungpriok;-0.462609139;0
2;106.8805196;-6.107757058;111;111;4;2022;;Tanjungpriok;4.44636315;0
2;106.8805196;-6.107757058;112;112;4;2022;8;Tanjungpriok;2.525280799;0
2;106.8805196;-6.107757058;113;113;4;2022;19.2;Tanjungpriok;3.038205419;0
2;106.8805196;-6.107757058;114;114;4;2022;1.6;Tanjungpriok;-0.113131303;0
2;106.8805196;-6.107757058;115;115;4;2022;;Tanjungpriok;0.469885193;0
2;106.8805196;-6.107757058;116;116;4;2022;4.5;Tanjungpriok;11.09244952;0
2;106.8805196;-6.107757058;117;117;4;2022;;Tanjungpriok;4.910511747;0
2;106.8805196;-6.107757058;118;118;4;2022;12.1;Tanjungpriok;3.886178214;0
2;106.8805196;-6.107757058;119;119;4;2022;;Tanjungpriok;2.681263052;0
2;106.8805196;-6.107757058;120;120;4;2022;0;Tanjungpriok;1.152104093;0
2;106.8805196;-6.107757058;121;121;5;2022;0.3;Tanjungpriok;0.541675555;0
2;106.8805196;-6.107757058;122;122;5;2022;0.5;Tanjungpriok;0.112329914;0
2;106.8805196;-6.107757058;123;123;5;2022;18;Tanjungpriok;5.92441732;0
2;106.8805196;-6.107757058;124;124;5;2022;0;Tanjungpriok;1.475972746;0
2;106.8805196;-6.107757058;125;125;5;2022;0;Tanjungpriok;5.556732956;0
2;106.8805196;-6.107757058;126;126;5;2022;0;Tanjungpriok;9.228854496;0
2;106.8805196;-6.107757058;127;127;5;2022;0;Tanjungpriok;6.157575847;0
2;106.8805196;-6.107757058;128;128;5;2022;0;Tanjungpriok;4.697432043;0
2;106.8805196;-6.107757058;129;129;5;2022;0;Tanjungpriok;4.2989476;0
2;106.8805196;-6.107757058;130;130;5;2022;;Tanjungpriok;0.664524594;0
2;106.8805196;-6.107757058;131;131;5;2022;2.5;Tanjungpriok;7.461322841;0
2;106.8805196;-6.107757058;132;132;5;2022;0;Tanjungpriok;1.668100847;0
2;106.8805196;-6.107757058;133;133;5;2022;0;Tanjungpriok;3.391859078;0
2;106.8805196;-6.107757058;134;134;5;2022;0;Tanjungpriok;2.109656365;0
2;106.8805196;-6.107757058;135;135;5;2022;0;Tanjungpriok;1.813476067;0
2;106.8805196;-6.107757058;136;136;5;2022;12.9;Tanjungpriok;1.963162059;0
2;106.8805196;-6.107757058;137;137;5;2022;;Tanjungpriok;12.02764303;0
2;106.8805196;-6.107757058;138;138;5;2022;0;Tanjungpriok;4.770084388;0
2;106.8805196;-6.107757058;139;139;5;2022;1.5;Tanjungpriok;11.56074904;0
2;106.8805196;-6.107757058;140;140;5;2022;0;Tanjungpriok;-1.082672261;0
2;106.8805196;-6.107757058;141;141;5;2022;3;Tanjungpriok;3.621720887;0
2;106.8805196;-6.107757058;142;142;5;2022;0;Tanjungpriok;1.112679928;0
2;106.8805196;-6.107757058;143;143;5;2022;0;Tanjungpriok;0.855738955;0
2;106.8805196;-6.107757058;144;144;5;2022;0;Tanjungpriok;-0.966289121;0
2;106.8805196;-6.107757058;145;145;5;2022;1.3;Tanjungpriok;-0.2445755;0
2;106.8805196;-6.107757058;146;146;5;2022;1.2;Tanjungpriok;10.21905957;0
2;106.8805196;-6.107757058;147;147;5;2022;;Tanjungpriok;4.06023073;0
2;106.8805196;-6.107757058;148;148;5;2022;12.1;Tanjungpriok;3.16694147;0
2;106.8805196;-6.107757058;149;149;5;2022;18.8;Tanjungpriok;3.219464078;0
2;106.8805196;-6.107757058;150;150;5;2022;;Tanjungpriok;0.481790569;0
2;106.8805196;-6.107757058;151;151;5;2022;0;Tanjungpriok;-0.106390526;0
2;106.8805196;-6.107757058;152;152;6;2022;0;Tanjungpriok;-0.543312697;0
2;106.8805196;-6.107757058;153;153;6;2022;0;Tanjungpriok;3.930019223;0
2;106.8805196;-6.107757058;154;154;6;2022;4.5;Tanjungpriok;1.260043611;0
2;106.8805196;-6.107757058;155;155;6;2022;0;Tanjungpriok;5.014771631;0
2;106.8805196;-6.107757058;156;156;6;2022;0;Tanjungpriok;8.608857666;0
2;106.8805196;-6.107757058;157;157;6;2022;;Tanjungpriok;5.951677635;0
2;106.8805196;-6.107757058;158;158;6;2022;0;Tanjungpriok;4.306513118;0
2;106.8805196;-6.107757058;159;159;6;2022;9.8;Tanjungpriok;4.29335854;0
2;106.8805196;-6.107757058;160;160;6;2022;3;Tanjungpriok;0.447035411;0
2;106.8805196;-6.107757058;161;161;6;2022;5.2;Tanjungpriok;7.094456828;0
2;106.8805196;-6.107757058;162;162;6;2022;1.3;Tanjungpriok;1.221494816;0
2;106.8805196;-6.107757058;163;163;6;2022;0;Tanjungpriok;3.041774796;0
2;106.8805196;-6.107757058;164;164;6;2022;0;Tanjungpriok;1.54966577;0
2;106.8805196;-6.107757058;165;165;6;2022;0;Tanjungpriok;1.446906325;0
2;106.8805196;-6.107757058;166;166;6;2022;;Tanjungpriok;0.538641116;0
2;106.8805196;-6.107757058;167;167;6;2022;9;Tanjungpriok;11.62531657;0
2;106.8805196;-6.107757058;168;168;6;2022;0;Tanjungpriok;4.315448956;0
2;106.8805196;-6.107757058;169;169;6;2022;0.2;Tanjungpriok;10.77166227;0
2;106.8805196;-6.107757058;170;170;6;2022;0;Tanjungpriok;-1.304226659;0
2;106.8805196;-6.107757058;171;171;6;2022;0;Tanjungpriok;3.140854861;0
2;106.8805196;-6.107757058;172;172;6;2022;0;Tanjungpriok;0.714801773;0
2;106.8805196;-6.107757058;173;173;6;2022;2.8;Tanjungpriok;0.68379569;0
2;106.8805196;-6.107757058;174;174;6;2022;0;Tanjungpriok;-1.277746182;0
2;106.8805196;-6.107757058;175;175;6;2022;0;Tanjungpriok;-0.719515958;0
2;106.8805196;-6.107757058;176;176;6;2022;0;Tanjungpriok;9.995996976;0
2;106.8805196;-6.107757058;177;177;6;2022;;Tanjungpriok;3.664125861;0
2;106.8805196;-6.107757058;178;178;6;2022;1.5;Tanjungpriok;2.101273796;0
2;106.8805196;-6.107757058;179;179;6;2022;3.8;Tanjungpriok;1.871186639;0
2;106.8805196;-6.107757058;180;180;6;2022;0;Tanjungpriok;0.206981332;0
2;106.8805196;-6.107757058;181;181;6;2022;0;Tanjungpriok;-0.328667736;0
2;106.8805196;-6.107757058;182;182;7;2022;0;Tanjungpriok;-0.783021362;0
2;106.8805196;-6.107757058;183;183;7;2022;0;Tanjungpriok;3.655892887;0
2;106.8805196;-6.107757058;184;184;7;2022;11.6;Tanjungpriok;1.558183217;0
2;106.8805196;-6.107757058;185;185;7;2022;19.5;Tanjungpriok;6.262332877;0
2;106.8805196;-6.107757058;186;186;7;2022;0;Tanjungpriok;8.415376457;0
2;106.8805196;-6.107757058;187;187;7;2022;9.9;Tanjungpriok;5.919361024;0
2;106.8805196;-6.107757058;188;188;7;2022;33;Tanjungpriok;6.687454788;0
2;106.8805196;-6.107757058;189;189;7;2022;0;Tanjungpriok;3.20310225;0
2;106.8805196;-6.107757058;190;190;7;2022;0;Tanjungpriok;0.203417824;0
2;106.8805196;-6.107757058;191;191;7;2022;0;Tanjungpriok;6.538770613;0
2;106.8805196;-6.107757058;192;192;7;2022;0;Tanjungpriok;0.912230272;0
2;106.8805196;-6.107757058;193;193;7;2022;0;Tanjungpriok;3.045527094;0
2;106.8805196;-6.107757058;194;194;7;2022;0;Tanjungpriok;1.313598297;0
2;106.8805196;-6.107757058;195;195;7;2022;0.3;Tanjungpriok;1.428965129;0
2;106.8805196;-6.107757058;196;196;7;2022;0;Tanjungpriok;0.252771205;0
2;106.8805196;-6.107757058;197;197;7;2022;49.8;Tanjungpriok;14.66052615;0
2;106.8805196;-6.107757058;198;198;7;2022;13.2;Tanjungpriok;5.08561861;0
2;106.8805196;-6.107757058;199;199;7;2022;;Tanjungpriok;11.22707283;0
2;106.8805196;-6.107757058;200;200;7;2022;0;Tanjungpriok;-1.300091096;0
2;106.8805196;-6.107757058;201;201;7;2022;0;Tanjungpriok;3.178730158;0
2;106.8805196;-6.107757058;202;202;7;2022;0;Tanjungpriok;0.592130314;0
2;106.8805196;-6.107757058;203;203;7;2022;0;Tanjungpriok;0.364598488;0
2;106.8805196;-6.107757058;204;204;7;2022;;Tanjungpriok;-1.432576739;0
2;106.8805196;-6.107757058;205;205;7;2022;0;Tanjungpriok;-0.889655968;0
2;106.8805196;-6.107757058;206;206;7;2022;1;Tanjungpriok;10.25433272;0
2;106.8805196;-6.107757058;207;207;7;2022;0;Tanjungpriok;3.232447072;0
2;106.8805196;-6.107757058;208;208;7;2022;0;Tanjungpriok;1.926154643;0
2;106.8805196;-6.107757058;209;209;7;2022;0;Tanjungpriok;1.526076562;0
2;106.8805196;-6.107757058;210;210;7;2022;0;Tanjungpriok;0.196821389;0
2;106.8805196;-6.107757058;211;211;7;2022;0;Tanjungpriok;-0.340438878;0
2;106.8805196;-6.107757058;212;212;7;2022;0;Tanjungpriok;-0.836198273;0
2;106.8805196;-6.107757058;213;213;8;2022;0;Tanjungpriok;3.651186882;0
2;106.8805196;-6.107757058;214;214;8;2022;0;Tanjungpriok;0.67854848;0
2;106.8805196;-6.107757058;215;215;8;2022;0;Tanjungpriok;4.821732053;0
2;106.8805196;-6.107757058;216;216;8;2022;27.1;Tanjungpriok;10.47092387;0
2;106.8805196;-6.107757058;217;217;8;2022;16;Tanjungpriok;6.260903132;0
2;106.8805196;-6.107757058;218;218;8;2022;0;Tanjungpriok;4.33954828;0
2;106.8805196;-6.107757058;219;219;8;2022;0;Tanjungpriok;3.110847477;0
2;106.8805196;-6.107757058;220;220;8;2022;0;Tanjungpriok;0.305644376;0
2;106.8805196;-6.107757058;221;221;8;2022;9.5;Tanjungpriok;7.242611497;0
2;106.8805196;-6.107757058;222;222;8;2022;0;Tanjungpriok;0.827899974;0
2;106.8805196;-6.107757058;223;223;8;2022;0;Tanjungpriok;3.227431337;0
2;106.8805196;-6.107757058;224;224;8;2022;0;Tanjungpriok;1.230659575;0
2;106.8805196;-6.107757058;225;225;8;2022;0;Tanjungpriok;1.530789431;0
2;106.8805196;-6.107757058;226;226;8;2022;0;Tanjungpriok;0.301804202;0
2;106.8805196;-6.107757058;227;227;8;2022;0;Tanjungpriok;11.15754272;0
2;106.8805196;-6.107757058;228;228;8;2022;0;Tanjungpriok;4.209729527;0
2;106.8805196;-6.107757058;229;229;8;2022;;Tanjungpriok;11.08188553;0
2;106.8805196;-6.107757058;230;230;8;2022;0;Tanjungpriok;-1.155311956;0
2;106.8805196;-6.107757058;231;231;8;2022;0;Tanjungpriok;3.406130878;0
2;106.8805196;-6.107757058;232;232;8;2022;0;Tanjungpriok;0.625533035;0
2;106.8805196;-6.107757058;233;233;8;2022;0;Tanjungpriok;0.413084597;0
2;106.8805196;-6.107757058;234;234;8;2022;0;Tanjungpriok;-1.210204887;0
2;106.8805196;-6.107757058;235;235;8;2022;0;Tanjungpriok;-0.930155132;0
2;106.8805196;-6.107757058;236;236;8;2022;0;Tanjungpriok;10.61133605;0
2;106.8805196;-6.107757058;237;237;8;2022;0;Tanjungpriok;3.224046397;0
2;106.8805196;-6.107757058;238;238;8;2022;0;Tanjungpriok;2.038195224;0
2;106.8805196;-6.107757058;239;239;8;2022;0;Tanjungpriok;1.643951267;0
2;106.8805196;-6.107757058;240;240;8;2022;0;Tanjungpriok;0.375131711;0
2;106.8805196;-6.107757058;241;241;8;2022;0;Tanjungpriok;-0.155904432;0
2;106.8805196;-6.107757058;242;242;8;2022;0;Tanjungpriok;-0.707534359;0
2;106.8805196;-6.107757058;243;243;8;2022;0;Tanjungpriok;3.879559832;0
2;106.8805196;-6.107757058;244;244;9;2022;0;Tanjungpriok;0.807646828;0
2;106.8805196;-6.107757058;245;245;9;2022;3.4;Tanjungpriok;5.326416817;0
2;106.8805196;-6.107757058;246;246;9;2022;0;Tanjungpriok;8.774001297;0
2;106.8805196;-6.107757058;247;247;9;2022;0;Tanjungpriok;5.221351865;0
2;106.8805196;-6.107757058;248;248;9;2022;0;Tanjungpriok;4.631213559;0
2;106.8805196;-6.107757058;249;249;9;2022;0;Tanjungpriok;3.25409406;0
2;106.8805196;-6.107757058;250;250;9;2022;0;Tanjungpriok;0.643701217;0
2;106.8805196;-6.107757058;251;251;9;2022;25.7;Tanjungpriok;8.639575677;0
2;106.8805196;-6.107757058;252;252;9;2022;1.5;Tanjungpriok;1.09450995;0
2;106.8805196;-6.107757058;253;253;9;2022;34.6;Tanjungpriok;6.138925056;0
2;106.8805196;-6.107757058;254;254;9;2022;0;Tanjungpriok;1.385848871;0
2;106.8805196;-6.107757058;255;255;9;2022;1;Tanjungpriok;1.985067672;0
2;106.8805196;-6.107757058;256;256;9;2022;0;Tanjungpriok;0.556567166;0
2;106.8805196;-6.107757058;257;257;9;2022;0;Tanjungpriok;11.5302959;0
2;106.8805196;-6.107757058;258;258;9;2022;0;Tanjungpriok;4.521606949;0
2;106.8805196;-6.107757058;259;259;9;2022;0;Tanjungpriok;10.40092422;0
2;106.8805196;-6.107757058;260;260;9;2022;0;Tanjungpriok;-0.768138393;0
2;106.8805196;-6.107757058;261;261;9;2022;0;Tanjungpriok;3.926014875;0
2;106.8805196;-6.107757058;262;262;9;2022;0;Tanjungpriok;0.913249402;0
2;106.8805196;-6.107757058;263;263;9;2022;0;Tanjungpriok;0.732519174;0
2;106.8805196;-6.107757058;264;264;9;2022;0;Tanjungpriok;-0.831662819;0
2;106.8805196;-6.107757058;265;265;9;2022;0;Tanjungpriok;-0.751900998;0
2;106.8805196;-6.107757058;266;266;9;2022;0.2;Tanjungpriok;11.39658496;0
2;106.8805196;-6.107757058;267;267;9;2022;0;Tanjungpriok;3.45367078;0
2;106.8805196;-6.107757058;268;268;9;2022;0;Tanjungpriok;2.410030992;0
2;106.8805196;-6.107757058;269;269;9;2022;0;Tanjungpriok;2.027136331;0
2;106.8805196;-6.107757058;270;270;9;2022;0.5;Tanjungpriok;0.84527928;0
2;106.8805196;-6.107757058;271;271;9;2022;0;Tanjungpriok;0.286333418;0
2;106.8805196;-6.107757058;272;272;9;2022;0;Tanjungpriok;-0.343880913;0
2;106.8805196;-6.107757058;273;273;9;2022;0;Tanjungpriok;4.389377916;0
2;106.8805196;-6.107757058;274;274;10;2022;0;Tanjungpriok;1.170070606;0
2;106.8805196;-6.107757058;275;275;10;2022;0;Tanjungpriok;5.568625917;0
2;106.8805196;-6.107757058;276;276;10;2022;34.1;Tanjungpriok;11.7187593;0
2;106.8805196;-6.107757058;277;277;10;2022;0;Tanjungpriok;5.543684813;0
2;106.8805196;-6.107757058;278;278;10;2022;13.8;Tanjungpriok;6.144095559;0
2;106.8805196;-6.107757058;279;279;10;2022;0.5;Tanjungpriok;3.662760041;0
2;106.8805196;-6.107757058;280;280;10;2022;13.7;Tanjungpriok;2.242135025;0
2;106.8805196;-6.107757058;281;281;10;2022;1.2;Tanjungpriok;7.218476773;0
2;106.8805196;-6.107757058;282;282;10;2022;;Tanjungpriok;1.651603493;0
2;106.8805196;-6.107757058;283;283;10;2022;0;Tanjungpriok;4.103055181;0
2;106.8805196;-6.107757058;284;284;10;2022;;Tanjungpriok;1.999715371;0
2;106.8805196;-6.107757058;285;285;10;2022;15.5;Tanjungpriok;3.595470959;0
2;106.8805196;-6.107757058;286;286;10;2022;1;Tanjungpriok;1.021007273;0
2;106.8805196;-6.107757058;287;287;10;2022;47.2;Tanjungpriok;15.51609267;0
2;106.8805196;-6.107757058;288;288;10;2022;0;Tanjungpriok;4.955629703;0
2;106.8805196;-6.107757058;289;289;10;2022;2;Tanjungpriok;10.88113575;0
2;106.8805196;-6.107757058;290;290;10;2022;;Tanjungpriok;-0.308897629;0
2;106.8805196;-6.107757058;291;291;10;2022;0;Tanjungpriok;4.625945748;0
2;106.8805196;-6.107757058;292;292;10;2022;0;Tanjungpriok;1.329562848;0
2;106.8805196;-6.107757058;293;293;10;2022;;Tanjungpriok;1.279951584;0
2;106.8805196;-6.107757058;294;294;10;2022;0;Tanjungpriok;-0.333993922;0
2;106.8805196;-6.107757058;295;295;10;2022;;Tanjungpriok;-0.546245904;0
2;106.8805196;-6.107757058;296;296;10;2022;98;Tanjungpriok;19.319887;0
2;106.8805196;-6.107757058;297;297;10;2022;0;Tanjungpriok;3.751646058;0
2;106.8805196;-6.107757058;298;298;10;2022;0;Tanjungpriok;2.869278356;0
2;106.8805196;-6.107757058;299;299;10;2022;9.8;Tanjungpriok;3.194242565;0
2;106.8805196;-6.107757058;300;300;10;2022;0.5;Tanjungpriok;1.345053931;0
2;106.8805196;-6.107757058;301;301;10;2022;0;Tanjungpriok;0.794478125;0
2;106.8805196;-6.107757058;302;302;10;2022;0;Tanjungpriok;0.05283572;0
2;106.8805196;-6.107757058;303;303;10;2022;0;Tanjungpriok;4.976691902;0
2;106.8805196;-6.107757058;304;304;10;2022;0;Tanjungpriok;1.540314401;0
2;106.8805196;-6.107757058;305;305;11;2022;0;Tanjungpriok;6.211275552;0
2;106.8805196;-6.107757058;306;306;11;2022;0;Tanjungpriok;9.609776832;0
2;106.8805196;-6.107757058;307;307;11;2022;0;Tanjungpriok;6.041208014;0
2;106.8805196;-6.107757058;308;308;11;2022;0;Tanjungpriok;5.608155863;0
2;106.8805196;-6.107757058;309;309;11;2022;1;Tanjungpriok;4.170451316;0
2;106.8805196;-6.107757058;310;310;11;2022;0;Tanjungpriok;1.761330419;0
2;106.8805196;-6.107757058;311;311;11;2022;5.2;Tanjungpriok;7.907578736;0
2;106.8805196;-6.107757058;312;312;11;2022;0;Tanjungpriok;2.025582183;0
2;106.8805196;-6.107757058;313;313;11;2022;;Tanjungpriok;4.890230258;0
2;106.8805196;-6.107757058;314;314;11;2022;0.5;Tanjungpriok;2.368977097;0
2;106.8805196;-6.107757058;315;315;11;2022;7.8;Tanjungpriok;3.504836367;0
2;106.8805196;-6.107757058;316;316;11;2022;3;Tanjungpriok;1.696969036;0
2;106.8805196;-6.107757058;317;317;11;2022;1.5;Tanjungpriok;12.58672169;0
2;106.8805196;-6.107757058;318;318;11;2022;0.2;Tanjungpriok;5.501023265;0
2;106.8805196;-6.107757058;319;319;11;2022;0;Tanjungpriok;11.08569526;0
2;106.8805196;-6.107757058;320;320;11;2022;0;Tanjungpriok;0.114537027;0
2;106.8805196;-6.107757058;321;321;11;2022;45;Tanjungpriok;8.527168353;0
2;106.8805196;-6.107757058;322;322;11;2022;7;Tanjungpriok;2.19837217;0
2;106.8805196;-6.107757058;323;323;11;2022;0;Tanjungpriok;1.609814293;0
2;106.8805196;-6.107757058;324;324;11;2022;0;Tanjungpriok;0.128764875;0
2;106.8805196;-6.107757058;325;325;11;2022;;Tanjungpriok;0.018750771;0
2;106.8805196;-6.107757058;326;326;11;2022;0;Tanjungpriok;12.64677717;0
2;106.8805196;-6.107757058;327;327;11;2022;0;Tanjungpriok;4.353418343;0
2;106.8805196;-6.107757058;328;328;11;2022;13.3;Tanjungpriok;4.2922046;0
2;106.8805196;-6.107757058;329;329;11;2022;1.5;Tanjungpriok;2.992275704;0
2;106.8805196;-6.107757058;330;330;11;2022;0;Tanjungpriok;1.831340071;0
2;106.8805196;-6.107757058;331;331;11;2022;8;Tanjungpriok;1.874021385;0
2;106.8805196;-6.107757058;332;332;11;2022;0;Tanjungpriok;0.43067513;0
2;106.8805196;-6.107757058;333;333;11;2022;9;Tanjungpriok;6.25055722;0
2;106.8805196;-6.107757058;334;334;11;2022;0;Tanjungpriok;1.895689856;0
2;106.8805196;-6.107757058;335;335;12;2022;0;Tanjungpriok;6.886300213;0
2;106.8805196;-6.107757058;336;336;12;2022;0;Tanjungpriok;9.990461579;0
2;106.8805196;-6.107757058;337;337;12;2022;0;Tanjungpriok;6.5645636;0
2;106.8805196;-6.107757058;338;338;12;2022;0;Tanjungpriok;6.11547779;0
2;106.8805196;-6.107757058;339;339;12;2022;0;Tanjungpriok;4.620605076;0
2;106.8805196;-6.107757058;340;340;12;2022;0;Tanjungpriok;2.315848219;0
2;106.8805196;-6.107757058;341;341;12;2022;0;Tanjungpriok;8.01908907;0
2;106.8805196;-6.107757058;342;342;12;2022;;Tanjungpriok;2.801856836;0
2;106.8805196;-6.107757058;343;343;12;2022;3.9;Tanjungpriok;5.340389943;0
2;106.8805196;-6.107757058;344;344;12;2022;7.2;Tanjungpriok;3.449288026;0
2;106.8805196;-6.107757058;345;345;12;2022;0.7;Tanjungpriok;3.528600001;0
2;106.8805196;-6.107757058;346;346;12;2022;0;Tanjungpriok;2.090631591;0
2;106.8805196;-6.107757058;347;347;12;2022;2.3;Tanjungpriok;13.16322161;0
2;106.8805196;-6.107757058;348;348;12;2022;0;Tanjungpriok;6.102820578;0
2;106.8805196;-6.107757058;349;349;12;2022;1.2;Tanjungpriok;11.71281875;0
2;106.8805196;-6.107757058;350;350;12;2022;0;Tanjungpriok;0.760481364;0
2;106.8805196;-6.107757058;351;351;12;2022;1.9;Tanjungpriok;6.039506456;0
2;106.8805196;-6.107757058;352;352;12;2022;0.3;Tanjungpriok;2.346219104;0
2;106.8805196;-6.107757058;353;353;12;2022;0;Tanjungpriok;2.224030066;0
2;106.8805196;-6.107757058;354;354;12;2022;0;Tanjungpriok;0.756007026;0
2;106.8805196;-6.107757058;355;355;12;2022;1.2;Tanjungpriok;0.746171643;0
2;106.8805196;-6.107757058;356;356;12;2022;;Tanjungpriok;14.22331566;0
2;106.8805196;-6.107757058;357;357;12;2022;23.9;Tanjungpriok;6.857046171;0
2;106.8805196;-6.107757058;358;358;12;2022;0;Tanjungpriok;3.916729208;0
2;106.8805196;-6.107757058;359;359;12;2022;0.6;Tanjungpriok;3.550784448;0
2;106.8805196;-6.107757058;360;360;12;2022;12.5;Tanjungpriok;3.473327902;0
2;106.8805196;-6.107757058;361;361;12;2022;3;Tanjungpriok;2.171308717;0
2;106.8805196;-6.107757058;362;362;12;2022;0.1;Tanjungpriok;1.054693207;0
2;106.8805196;-6.107757058;363;363;12;2022;23.5;Tanjungpriok;8.091336947;0
2;106.8805196;-6.107757058;364;364;12;2022;4.5;Tanjungpriok;2.772720628;0
2;106.8805196;-6.107757058;365;365;12;2022;35.2;Tanjungpriok;10.2839882;0
2;106.8805196;-6.107757058;366;1;13;2023;;Tanjungpriok;11.41421676;0
2;106.8805196;-6.107757058;367;2;13;2023;;Tanjungpriok;7.837409142;0
2;106.8805196;-6.107757058;368;3;13;2023;;Tanjungpriok;7.355336211;0
2;106.8805196;-6.107757058;369;4;13;2023;;Tanjungpriok;5.754211854;0
2;106.8805196;-6.107757058;370;5;13;2023;;Tanjungpriok;3.273186131;0
2;106.8805196;-6.107757058;371;6;13;2023;;Tanjungpriok;9.42218619;0
2;106.8805196;-6.107757058;372;7;13;2023;;Tanjungpriok;3.593449963;0
2;106.8805196;-6.107757058;373;8;13;2023;;Tanjungpriok;6.242668824;0
2;106.8805196;-6.107757058;374;9;13;2023;;Tanjungpriok;3.960539234;0
2;106.8805196;-6.107757058;375;10;13;2023;;Tanjungpriok;4.544345477;0
2;106.8805196;-6.107757058;376;11;13;2023;;Tanjungpriok;3.054194111;0
2;106.8805196;-6.107757058;377;12;13;2023;;Tanjungpriok;14.79982091;0
2;106.8805196;-6.107757058;378;13;13;2023;;Tanjungpriok;7.377989194;0
2;106.8805196;-6.107757058;379;14;13;2023;;Tanjungpriok;13.33526347;0
2;106.8805196;-6.107757058;380;15;13;2023;;Tanjungpriok;1.627179514;0
2;106.8805196;-6.107757058;381;16;13;2023;;Tanjungpriok;7.165354125;0
2;106.8805196;-6.107757058;382;17;13;2023;;Tanjungpriok;3.318079467;0
2;106.8805196;-6.107757058;383;18;13;2023;;Tanjungpriok;3.20960654;0
2;106.8805196;-6.107757058;384;19;13;2023;;Tanjungpriok;1.628906444;0
2;106.8805196;-6.107757058;385;20;13;2023;;Tanjungpriok;1.53021718;0
2;106.8805196;-6.107757058;386;21;13;2023;;Tanjungpriok;15.04208638;0
2;106.8805196;-6.107757058;387;22;13;2023;;Tanjungpriok;6.368984087;0
2;106.8805196;-6.107757058;388;23;13;2023;;Tanjungpriok;5.034537378;0
2;106.8805196;-6.107757058;389;24;13;2023;;Tanjungpriok;4.594578482;0
2;106.8805196;-6.107757058;390;25;13;2023;;Tanjungpriok;3.597466991;0
2;106.8805196;-6.107757058;391;26;13;2023;;Tanjungpriok;2.923842293;0
2;106.8805196;-6.107757058;392;27;13;2023;;Tanjungpriok;1.946883674;0
2;106.8805196;-6.107757058;393;28;13;2023;;Tanjungpriok;7.725716809;0
2;106.8805196;-6.107757058;394;29;13;2023;;Tanjungpriok;3.459759572;0
2;106.8805196;-6.107757058;395;30;13;2023;;Tanjungpriok;9.188228187;0
2;106.8805196;-6.107757058;396;31;13;2023;;Tanjungpriok;12.23386703;0